x,y,cluster
0.7856385929124635,-1.5660363260218375,0.0
0.6734057493582384,0.17202846864045157,0.0
-0.3328136774814809,-0.1403067732495833,0.0
-0.364452067374432,0.29534483429439934,0.0
-2.4006731502924596,1.8319786337753832,0.0
0.2045121796336089,-0.9992332790984141,0.0
0.6001501153503814,0.26363673780432456,0.0
-0.09756319800239167,-0.5893897133035629,0.0
0.6092158683557249,-0.9264239215186556,0.0
0.7658779013684378,-0.9021306363190984,0.0
-2.0647360352980026,0.5394264037844501,0.0
-0.3323034079569447,1.170473523900611,0.0
0.6928755675181578,0.10474091043561107,0.0
1.4012249669307684,-1.1146206702881924,0.0
-1.0039665144581427,0.43623881344219406,0.0
-0.3442089860482891,0.12625539933351318,0.0
1.0568643581472872,-0.7003366179877039,0.0
-0.6912610923675941,0.27506223365307914,0.0
-0.10140183901424431,0.5048507478550185,0.0
0.6835466406128919,-1.1179462719692501,0.0
0.5281843240799381,-0.46226906972374016,0.0
-0.5605285697692892,0.02062329528092069,0.0
0.5670337410148916,-0.84639553374514,0.0
-0.8255973988980148,0.5303912412586613,0.0
-1.7572839184481677,2.5695592730066816,0.0
0.42890973399532695,0.4064213933993352,0.0
-0.6172263988901684,0.05561229347641358,0.0
1.420762741725343,-0.7166397228861336,0.0
-0.003227381700246987,0.13467512936016068,0.0
-0.3571417546135416,-0.11905360462840275,0.0
0.015835084256890872,-0.05309872379823143,0.0
0.34114653760436486,0.310447241911342,0.0
-1.2180001961993618,0.8428905719678466,0.0
0.04238885546805424,1.0803505680911578,0.0
-0.7434605390314425,0.5115979163340417,0.0
0.8551839922628224,-0.017449052838417523,0.0
-0.3615021191790127,-0.19074855309730143,0.0
1.0511896342975573,-1.923926307042498,0.0
0.8025936568489026,-0.8194468209195077,0.0
1.0753003087370185,0.24751336048969752,0.0
-0.7719084716290472,-0.7607534172694679,0.0
-1.0009239806460943,0.16248483752579884,0.0
-1.3535716776573348,1.021028364719564,0.0
0.2280740242166882,-0.7464023428707507,0.0
-0.5490209680115645,0.43679657848613757,0.0
-0.8320733544756196,0.21731744677564077,0.0
0.35896376479091485,-0.8571234070843716,0.0
-0.25317340697964,0.2736590919211995,0.0
-0.3773663665797925,0.7716297614757547,0.0
0.02401476737143711,-0.2738235546556374,0.0
0.833515621080974,-0.09130048232928112,0.0
1.335822817664877,-0.9133109038186582,0.0
0.1513516237249798,-0.1795999647155635,0.0
-0.16785874074419702,0.16628256975017225,0.0
0.5951931567553175,-0.6864773048538622,0.0
0.19789818736100667,-0.610806650952086,0.0
1.3743528680352612,0.04230508178337633,0.0
0.31926404256977203,0.5925431666607706,0.0
0.8066820600765792,0.3577591840784995,0.0
-0.9795643764794814,-0.033322731780349835,0.0
0.028631817563525924,-0.9394847032832822,0.0
1.7838633992233488,-0.613028199597052,0.0
-0.3351278402157712,0.0921088953788484,0.0
1.2341429373624813,-0.12135004247036146,0.0
-0.3915167658451671,0.48365338676080627,0.0
-0.6424461254403848,0.7104178041137712,0.0
0.11317686755738832,-0.29793215964793585,0.0
-0.47260136052778445,-0.32901730959096315,0.0
0.18320626181214084,0.5591018725381182,0.0
1.0558189162738891,-0.4205176520904762,0.0
-0.4205096748867468,1.4338765072840933,0.0
-0.9526247687752438,0.8713958569578255,0.0
-0.6457619657457513,0.7810315130418728,0.0
0.2448745340787844,-0.4158798557765554,0.0
-0.06084191326169366,0.5825322157444026,0.0
-0.7596752703547339,0.892132624693377,0.0
-1.8188306375527483,0.21968794089947385,0.0
-0.4320273114500208,-0.5526968743293037,0.0
0.23191951883357975,-0.9093466934979919,0.0
-0.4437309646554596,-0.0595778513851177,0.0
0.03547862130771437,-0.4473317110990161,0.0
1.025642396160901,-0.6346706759745936,0.0
0.37877991013702533,-0.6521152163879017,0.0
0.26239335929758384,-0.12040333506644507,0.0
-0.06061217883250603,0.14349651847139328,0.0
1.5616824900781745,-0.18744260314340933,0.0
0.3011321272243519,-0.48052087892024575,0.0
0.3219063711047211,0.0022772284069698945,0.0
-0.30272528430083157,-0.6067140971042981,0.0
-1.8130798701758026,1.4314223197275475,0.0
-0.8649294304344175,-0.03299100248075931,0.0
0.6168701779059684,-0.0988592031265342,0.0
0.4561374289510274,0.285385596686221,0.0
0.20100823627140746,0.4640993300963725,0.0
0.6195892605755385,-0.979194216601757,0.0
-0.47363055699359874,-0.9454040689482375,0.0
-0.6973894228215273,1.2286237909918762,0.0
-1.8132684708516782,-0.28241862970375375,0.0
-0.4964501341364437,0.9500193096199832,0.0
-0.2624121692045931,0.1460349127907932,0.0
-0.32897194944181557,0.6018886126750796,0.0
0.6187695555697269,-1.1818181265848962,0.0
-0.382046698162001,-0.010536395276443844,0.0
-0.07158846870595542,-0.15589373313166116,0.0
-0.257819756665923,1.6147565650682434,0.0
0.772892656142066,-0.43163751679041606,0.0
-1.2738124718335158,0.05157779613106184,0.0
-0.8569843906565913,1.016507241805737,0.0
0.7199424468567435,0.1660978555729461,0.0
0.3540634517148102,-0.20565949320481347,0.0
1.1418684210536447,-0.004415735187647374,0.0
0.928689754798407,0.9581395735320587,0.0
-0.6821550122597987,0.44999078945929016,0.0
1.3321592153670714,-0.6002129791652161,0.0
0.538058041005828,0.9331020212862007,0.0
-0.033768661654214334,-0.054182173334091456,0.0
-0.05276201947940423,-0.014817092841583387,0.0
-2.1998041901284773,0.6839567334165068,0.0
0.6695641098711528,-0.31607470484627315,0.0
-1.0931393238710307,0.49318923767321393,0.0
-0.669327950235055,0.5998991973712271,0.0
0.19180636932955064,-0.028442881871496156,0.0
-3.102550465838164,2.5697235600785215,0.0
1.9019024412064731,-0.5607929042124444,0.0
0.530408644548718,0.20229279515263432,0.0
-0.050989404284615285,0.1350446637014695,0.0
0.8828688192347288,-0.7170231926781196,0.0
-1.582773719852254,0.3607963557697524,0.0
0.005932142394265066,-0.43104736652887893,0.0
0.6438845545008759,-0.45644965521215425,0.0
-1.7793903830599092,0.11584401328862304,0.0
1.1921499543258718,-0.8769119924296369,0.0
0.8627271577652421,0.37575877662671686,0.0
-0.8303397241413132,0.1994991112391864,0.0
-0.4787041074023023,0.052135025695269205,0.0
-0.6723485672282344,-0.3687931448645507,0.0
0.8848901537509575,-0.04259890145569872,0.0
-0.12129345386564205,-0.11244498622760371,0.0
-1.5788413635998866,0.4581579594963294,0.0
-1.1527001810363533,0.2259622777193005,0.0
-0.020183759910641946,-0.09268732331865473,0.0
-1.7867201451990624,1.049380058227178,0.0
1.0336341921351926,0.4779092669808438,0.0
1.720234652915995,-0.11063837677296462,0.0
-0.5315635202987353,0.0713628730415222,0.0
-0.3424647753711316,-0.3273048896116383,0.0
1.7081755639056406,-0.8898273204784757,0.0
-1.250254326645553,0.4302552410540766,0.0
-0.386642324985898,0.42234603434884704,0.0
-0.022913902464723558,0.04152657382194723,0.0
1.1024194814077473,-0.4476843654303526,0.0
0.07031624470480813,-0.7166474024846184,0.0
-0.8171427781073914,0.7709185275265736,0.0
1.277972191451037,-1.3924044537720532,0.0
-0.03152876367401572,-0.3862757493231419,0.0
-0.8115200614721851,-0.4023570591914124,0.0
0.9372272268411068,-0.4642796228361405,0.0
1.2341759342529333,-1.6208794086432057,0.0
-0.45351859031900826,0.34894278150631963,0.0
-0.6392687055931443,1.9947580249877113,0.0
0.39308839246465044,0.05632241872354454,0.0
0.4413935936876265,-0.16500562309092823,0.0
-0.5843625573924244,-0.33132063368965275,0.0
-0.013936103501873576,-0.4191684463550993,0.0
0.19476375242072802,-0.8284871588279795,0.0
0.48212292715820004,-0.8417884507613467,0.0
-0.7574881134624474,-0.1896049630033389,0.0
-0.13844977890056076,0.46993418505797635,0.0
0.06141990105957746,-0.305009236671412,0.0
0.0328151533893587,1.2451008249524813,0.0
0.19929303014048905,-0.6117074127569785,0.0
-0.31149875769327445,0.11308068620818323,0.0
0.02358980847172154,0.5964886435794127,0.0
-0.9420884212928035,0.8706427444658004,0.0
-0.4811693954307798,-0.7995556087762021,0.0
-1.3270312060294065,0.8527387441025274,0.0
0.8159386283386003,0.7039498308456452,0.0
0.42710856148522436,0.9770776381562127,0.0
-1.184451239781951,-0.18504784899878335,0.0
-0.57492787010177,-0.7576460642133134,0.0
-0.45365278742079745,0.3625647997713276,0.0
-1.6358769435101346,1.114963092867492,0.0
-0.5432845618559461,0.5813138967864429,0.0
-0.999388606208365,0.7422188430715485,0.0
0.5294505959103167,-0.9822148736380856,0.0
-0.9719921921559779,0.9509426476039373,0.0
-1.0543089759033315,0.5221707158492684,0.0
0.010008334688231806,0.25814433392313235,0.0
0.4515614072092305,-0.6174986074647262,0.0
0.9835727785956148,0.49213843836509097,0.0
0.9932324485371687,-0.35864517100553084,0.0
-1.0981522454647556,0.8350323855033457,0.0
1.0990174215539201,-0.8525482594887875,0.0
-1.010205707403343,0.438173489981582,0.0
0.016733598777609993,1.0256932204920914,0.0
0.1302004435652987,-0.4802155849239642,0.0
-0.3064356833428283,0.23844545800173567,0.0
0.4593788431286788,-1.3779708341629524,0.0
0.4637343693098473,-0.48910871895899444,0.0
0.3299687121229402,0.06783486392276072,0.0
-0.11845546620273592,-0.24154171788435733,0.0
-0.4472021669254618,-0.8463143236228783,0.0
1.2712887489330311,-1.2146255907443526,0.0
1.285031500001314,-1.5591126220828728,0.0
-0.7805534076679016,-0.10066937590874919,0.0
-0.3158001916993252,-0.024836578443676455,0.0
0.3914347391362515,-0.31006803466519006,0.0
2.0007783629445863,-1.832786391034061,0.0
0.06412452574094478,0.2224505829451981,0.0
-0.6994621284398737,0.4412871485296149,0.0
-1.474295378869454,0.6439529248384706,0.0
-1.2668151450637235,1.2522261002374662,0.0
-0.34996344022802167,0.06213477092421335,0.0
0.03477342916644813,0.5799678839657125,0.0
-0.12780437961348504,-0.06975793152548428,0.0
-0.4457451375276852,0.7953591118018407,0.0
-0.1165894712438128,-0.2077740634878201,0.0
-0.6955714809037392,-0.061346474009836005,0.0
-0.8676184867065555,1.1649838640370704,0.0
0.7146976691300658,-0.18869426834393774,0.0
-0.7378782230662977,0.7590886559359402,0.0
-0.6437617063394454,0.09167384362390438,0.0
0.3935460912250371,0.4765408317611399,0.0
0.39887540557738127,-0.45938058235264645,0.0
-1.1410699715885362,0.5785564859525931,0.0
0.03473416811027247,-0.15509783123034285,0.0
-0.06354099724586051,-1.1657806989692905,0.0
1.023739945795713,-0.1619150156823687,0.0
-0.15608694707841358,-0.44618577466258896,0.0
-1.2535353628344983,1.040743482370094,0.0
0.8023218779972541,-0.8743599256024124,0.0
-1.3166537605227977,0.6342795318192783,0.0
-0.2837635517949235,-0.4861054010437834,0.0
0.965248583651753,-0.7736674240050595,0.0
-1.328970356094677,-0.4207203780987847,0.0
-0.33975557840741033,-0.5896557702748522,0.0
0.6335512288673127,-0.372280894044859,0.0
0.22616857769728774,-0.14836600457197918,0.0
1.02329953431033,-0.51032940960698,0.0
-0.6002829026499977,0.014944794203651468,0.0
0.2210780526524159,-0.9056248340064246,0.0
-0.1929566793565441,0.05359942864941908,0.0
0.9737357047839799,-0.33215845654793485,0.0
-0.5319624949168456,0.695044303752832,0.0
-0.15742384204645435,-0.025097633056268817,0.0
0.33774069301400717,-0.047001082595533705,0.0
-0.33723424313840233,0.7071378092109966,0.0
-0.10878528991197967,-0.02709341637987936,0.0
0.3341028790752505,-0.28482924951978444,0.0
1.6616084437118117,-1.1990124320911928,0.0
0.15192516241183696,-0.34464887843747305,0.0
0.37078538738246836,-0.08770497314660909,0.0
-0.7018921242335154,-0.77211761127414,0.0
-0.4433997218649546,0.8810789147125426,0.0
-0.04212893890181946,-0.12331897018779947,0.0
-0.42922607384221667,-1.0494676993110503,0.0
-0.3508474584603901,0.3927592065191218,0.0
-0.4568549832607638,0.5588596057797952,0.0
0.3353485082113557,0.262884287240804,0.0
-1.5422213006735683,0.27243101833469374,0.0
0.5344641001283362,0.2615735428923591,0.0
-0.7850203458078171,0.9069731731648101,0.0
-0.7030224819712159,1.0671855958494518,0.0
0.06657854509858692,-0.39372245536320116,0.0
-0.6588759928541728,0.45641782433865885,0.0
0.8180801567226903,-0.04813333173418266,0.0
0.9527051127528713,-0.11057113116784634,0.0
0.20735981803585118,-0.9601229076908511,0.0
0.9331037696340625,-0.9609771306033921,0.0
0.20521235991956785,-0.10915658938406177,0.0
0.019113074577194772,0.2672245876694705,0.0
-0.3076685955898646,-0.2616805586662726,0.0
0.7609371902407093,0.10213657473535426,0.0
-1.510096032712128,1.0538503516159579,0.0
0.3608879552541867,0.7699083743971263,0.0
-0.8384471767424305,0.24700518887752795,0.0
0.03347942141669266,0.0045595906315337754,0.0
-0.05037189270626331,-0.04075313526071912,0.0
0.25412579210565833,0.9372914180699758,0.0
-0.11753413979086705,0.5575339222262127,0.0
0.9174471295959233,-0.8393683847332152,0.0
-0.9342925067875463,-0.4652093547248195,0.0
-1.7632822043799778,0.10754347020955501,0.0
0.8317430370113498,-0.5360706638167372,0.0
0.1977610884118502,-0.6227242360558013,0.0
-0.47443845254461403,0.6434922196651762,0.0
-0.2127765231754941,0.11199055746650693,0.0
0.13574643740045275,-0.10696870231764069,0.0
-0.6062194024482885,0.6481757599010182,0.0
0.16695167955624204,-0.7574783482911126,0.0
0.9670516846184043,-0.5518731387724464,0.0
0.17712614421415818,-0.22222855525953497,0.0
0.10366569264072215,0.41025033730778393,0.0
0.125999851571808,-0.6721814393246103,0.0
-0.308032727077999,-0.3119088888730634,0.0
-0.6817145018120745,0.8290013667465684,0.0
-0.3948663383297714,0.0872455666563826,0.0
0.6783096485893009,-0.9217933505741267,0.0
-0.003976233133325161,0.021418560671634914,0.0
0.6151893494764286,-0.41239882815936274,0.0
-0.5153176983044273,0.8178582985691668,0.0
-0.016657003626253938,-0.046807371481853224,0.0
1.345331728820343,-1.0381386725750348,0.0
-1.2943794369348616,0.8618999772171769,0.0
-1.1992754135439432,-0.7165259770885573,0.0
-0.4495511578748443,0.6421367597836214,0.0
0.27787978979491423,0.11024407151615309,0.0
1.4869887797771346,-1.9113954763294496,0.0
-0.11639439327634551,-0.015768092319831187,0.0
-0.13038069337575794,1.3069696952716814,0.0
-1.5601509739319441,1.2272038113937054,0.0
-1.4176583925943775,0.21403242234034625,0.0
-0.14311712629880133,1.5396648968591249,0.0
-1.185244881887026,0.09801835723908287,0.0
-0.6338913048450917,0.32766148609983425,0.0
-0.4111038498851372,-0.8387754001885321,0.0
0.7444804132640955,-0.6223039649437023,0.0
-0.4715769307085552,1.0275434966322392,0.0
1.1174955003740346,-1.4316322265531702,0.0
-0.3315990433313284,-0.17646753502433607,0.0
-0.6691690885416587,0.7661805326369633,0.0
-0.21332203589851811,-0.07503913557564444,0.0
-0.5539377736450607,0.3057261250563242,0.0
1.1307282034867077,-0.41906892018460595,0.0
-0.4221613060058571,1.3575287586656593,0.0
0.760619139422184,-1.3969491909279874,0.0
0.24188760529442394,-0.5220302914732714,0.0
-0.04577578778797403,0.964919019237339,0.0
-1.2226496596370289,0.7871704707388917,0.0
-0.07852254891539874,0.008242222590139018,0.0
0.21969562758564962,-1.0998070584433572,0.0
-0.4039728315842667,0.3745305183166039,0.0
-0.8766990345004592,0.30237481382379505,0.0
-0.2038412793802027,0.09417778052022494,0.0
-0.074921269758503,0.4900114462809155,0.0
0.23443530347621958,-0.17664818707086494,0.0
0.5824103184575866,0.09805293306151608,0.0
0.14018869876167422,0.5206933731445895,0.0
-0.48161615562078847,0.3820464818646022,0.0
0.9779721700436133,-0.6342820633491192,0.0
1.0944279056925235,-0.18622105422008872,0.0
0.19999021924378585,0.6536775586066207,0.0
-0.6864496407913209,-0.20571105331803374,0.0
0.33516915382263646,-1.4089190528028555,0.0
1.857071619401142,-1.4070723874359667,0.0
0.41810724038605357,-1.088653260479463,0.0
-1.3869849086459085,0.5246827778782311,0.0
-1.9751144450885576,1.0857464211693864,0.0
-0.8385549281389355,-1.1733983595941768,0.0
0.19382113418271163,-0.08755166031499506,0.0
0.9194457410862373,-0.667311169206207,0.0
-1.8426946347940776,0.842775490138674,0.0
-1.1281167266701493,-0.19525293849871872,0.0
-0.917782197609787,0.46051077293672876,0.0
-0.038876656826863386,-0.12225813319340943,0.0
-0.5186074851752414,0.44849352414652166,0.0
-0.4957672216829295,1.285195197277583,0.0
-1.1167793169886977,0.14767151989160093,0.0
-0.9455083504334587,0.196577659109504,0.0
-0.2567086615640617,-0.229489661428175,0.0
0.1450919818829185,0.8963243249878337,0.0
-0.14288222239500903,1.2558629460279183,0.0
0.3791150627674619,0.8252951585325939,0.0
-0.0644189933284521,0.02360718920863557,0.0
0.6448405067700882,-0.6848629671684159,0.0
0.43263534059463177,-0.2816010081590165,0.0
0.23212796637812713,-0.47731466965518365,0.0
1.3301142400046397,-0.2976847361500546,0.0
-1.1269702936044343,0.5528899583010934,0.0
-0.10504908127439887,0.1320418837626545,0.0
0.70985696506208,-0.4259838397378105,0.0
-0.47498569396617063,-0.0042935885801292095,0.0
-0.41787236762733365,0.20097820763065022,0.0
-0.588284939744527,0.18593900335677896,0.0
-0.3721212003356096,0.33942239338322827,0.0
0.20656783424524394,0.16140033559000788,0.0
3.353676858767132,-2.4387027089347697,0.0
-0.29674325832504816,0.11859945632427582,0.0
-0.8291426605414853,0.0892304420107703,0.0
0.4742014270122096,0.044858162353216074,0.0
0.04059161151235327,1.201852544562482,0.0
0.19948118835994766,-0.7818934910440272,0.0
-0.08019447151309025,0.07695854361277424,0.0
-0.5996360562428864,0.9937384334811818,0.0
-0.043555268782259245,-0.08466351055175161,0.0
-1.423811148008335,0.5035594796033825,0.0
-0.41107993616831495,0.9445791965945086,0.0
-0.669456214517889,0.04396240723409245,0.0
-0.2962029879397292,0.45364625582539364,0.0
1.8989407076711922,-0.895910687276601,0.0
-0.4629274120442977,-0.14514938358943194,0.0
-1.211731917584895,-0.18608699715795496,0.0
1.25808327858185,0.03304251513477818,0.0
0.060695498273831666,-0.45286903746972673,0.0
-0.3031697329636252,0.4221336352300198,0.0
1.2867044552793796,-0.41577761554989434,0.0
-0.9407170345806866,-0.2107435451919641,0.0
0.08520310936971609,1.154342720648272,0.0
-0.7916848889765333,-0.20308868747397585,0.0
-0.11645131889158959,-0.5556429768213873,0.0
0.6141640075466075,-1.0595224308381301,0.0
0.38363845827509263,-0.9929693405278959,0.0
-2.0041222478707432,0.926097168733899,0.0
-1.9861009199941393,0.7684189344996956,0.0
-0.6378862432351302,-0.32118284422563337,0.0
0.518873525603994,0.479821777182241,0.0
-1.1577192177473998,-0.07654304092636088,0.0
-0.8029956489740357,0.9376862836377823,0.0
-2.148295205584122,1.0213105073248177,0.0
-0.5885807310792124,-0.5515013449089827,0.0
-0.5129762428782543,-0.48252942299398355,0.0
-0.8312498614661998,0.2165050011306389,0.0
0.12001424193197482,-0.07482803373082171,0.0
0.4888338290008183,-0.20439624312166554,0.0
-0.6592193184313259,0.26121402453150033,0.0
1.1839753555948074,-2.2063314673366556,0.0
2.024320929137706,-1.0536319543561445,0.0
0.18282463183342396,0.1983219869747452,0.0
0.051265376929783016,0.3259704142233889,0.0
-0.6612176252055258,0.5976704904074254,0.0
0.8432278677083634,-0.66024056328877,0.0
-0.46127547021230153,-0.48816449034779485,0.0
0.361222215665597,0.8150265801300943,0.0
0.7873722975048647,-1.0038438024178604,0.0
0.1857599451233516,0.40122841833760947,0.0
-0.5459868640273224,-0.018724489642561182,0.0
1.0501561856435035,-1.0512301759999374,0.0
-0.11148469152365814,0.5202875709774509,0.0
-1.1986704727245254,1.4624158285575592,0.0
1.4420606513836929,-1.2674199367470336,0.0
-0.1401962629358508,-0.3671760564138016,0.0
-0.8611473087740649,1.0233673707860713,0.0
0.4835922030908418,0.0383829773179675,0.0
-0.6976512225024918,-0.2920498324045842,0.0
0.6024879847187585,-0.28746485039247527,0.0
1.4342636660377108,-0.7457463204248415,0.0
-0.11786300229020447,-0.8740182109280932,0.0
1.0627640014487056,-0.8100835502365498,0.0
-1.813484548224016,1.3485231984927157,0.0
-1.3575452694550871,1.0817513758257395,0.0
0.3500953262480646,-0.2687056855904897,0.0
-1.4824805336045024,0.6558804446413601,0.0
0.4015961609198202,0.7864461637576621,0.0
0.02186154791061882,-0.24632800129768045,0.0
-0.5927817831508843,0.760274895759301,0.0
-1.3715734911004926,1.2849112830653393,0.0
0.1027609868304568,0.1940713348659306,0.0
-0.5422518690728605,0.08014022035919727,0.0
-0.17935033673468614,-0.0934064328930509,0.0
-0.8931750265631486,0.7818186577097221,0.0
-0.7980078210598986,0.7296453572176961,0.0
-0.5519838998447772,0.21307753205081684,0.0
0.36164655260446577,0.2622760705086363,0.0
0.17410263607893933,0.9810526798918365,0.0
-0.6190763237050759,-1.0863679974903175,0.0
-1.6364026929170687,0.44281459879660595,0.0
-0.2438370344643232,-0.26988013218878415,0.0
-0.07720503378883839,-0.727541456405718,0.0
0.8124888858168685,-0.6983025130692823,0.0
-0.2609088090977026,0.35800590528645776,0.0
-0.5162907056251174,-0.383609416918918,0.0
0.6633832760665719,-1.3377740826477063,0.0
-0.11626321306762913,-0.433485739927745,0.0
0.9798993638750326,-0.9020749881267387,0.0
0.5918333613906711,-0.25112976221514,0.0
-0.9746635271619347,0.869498258480331,0.0
-0.26190686715080436,-0.7293678942824331,0.0
0.3358005373714926,1.1329800814109152,0.0
1.6806109895540475,-1.0919943053947272,0.0
0.6068841237166523,-0.6566036622950904,0.0
-1.7909290515412597,1.7725883888360432,0.0
1.3422344083767956,-0.12189758536789042,0.0
0.2849255364023138,0.6532212389396889,0.0
-0.8679967433281716,0.6539103601596554,0.0
1.3047643674975122,-1.059920457865608,0.0
0.5964397707830901,0.06636761625718873,0.0
-0.12160134350732887,0.5703891397210356,0.0
1.076319394583646,-1.1263310549965906,0.0
-0.041580464489403765,0.4725004099184321,0.0
-0.4781054605575653,-0.9386489306594732,0.0
0.1395012133727349,-0.4863168146498168,0.0
-0.5163763971596209,0.9737834879266876,0.0
1.2229789540895157,-1.2381548314449238,0.0
-1.2972618853383568,1.3438935594074248,0.0
1.293646081629493,-1.7758309742742067,0.0
0.638254522704583,-1.1736630581584646,0.0
-0.4202664994180462,-0.8587800177753642,0.0
-0.29945332826613635,-0.04370059066662399,0.0
-1.3326658803097822,0.782888439628309,0.0
0.34886013594270826,-0.06176672601572297,0.0
-0.7206283605981676,1.1144468973133643,0.0
-0.11727958266862112,-0.7362081170252779,0.0
-0.9765310237237459,0.8945362122352654,0.0
-0.7360553700880929,1.244933612569954,0.0
2.0034107703136264,-0.8186561294347057,0.0
0.932675016698197,-0.30906322977622636,0.0
0.7045388299834376,-0.2518397493950462,0.0
-0.6262188033812088,-0.7916763853563973,0.0
1.4223909183259158,-0.5999274044006134,0.0
0.7243140796221865,-0.5793894723660553,0.0
0.47935089754558285,-0.5843830426128942,0.0
-1.1616768110544475,0.23551632238173342,0.0
0.4341016350872959,-0.7384299522179263,0.0
0.8840140063775361,-0.5763692879325212,0.0
2.1808272997730014,-1.43389040402064,0.0
-0.5699211003785359,0.07719645532094346,0.0
-0.8548830993986759,-0.06797889234171495,0.0
0.007901426541335292,0.1109591574543414,0.0
-0.5316259648978908,0.3839949748583008,0.0
1.5680878170269743,-1.213070743460264,0.0
-2.921917576930423,1.3984681763517373,0.0
-0.7258342819799234,-0.3255413288354957,0.0
-0.843094247228265,-0.04359920971458153,0.0
-0.8495296044886449,0.4428491804051883,0.0
0.48675920547297125,-0.9262234151449656,0.0
-0.4376534524399548,1.0380435870902949,0.0
-0.286411757011876,0.15667866957621432,0.0
-0.6140145387600109,0.12988723112073092,0.0
-1.2736152672028311,1.2662957783123807,0.0
0.2785072616582587,-0.4860263645325403,0.0
-0.9812715472565406,0.9083498114440367,0.0
-0.2381706175013873,-0.16718194662434827,0.0
0.8631114374557232,-0.08333474460320955,0.0
-1.167248069298658,0.1733402211537109,0.0
0.9193388251526249,-0.5839333458533325,0.0
-1.0179210764391746,0.31904163719456,0.0
-0.2542293262140869,-0.1756748502775816,0.0
0.07041288634240658,-0.36588490342257873,0.0
-1.9569486963473,0.6097595513337208,0.0
1.4821019966319733,-1.2205176401080806,0.0
0.6006014929202979,-0.2918377696815537,0.0
-1.1111654067393943,-0.2861800529368351,0.0
1.2049078287955965,-0.7371739848446313,0.0
0.13758322493884118,-0.09348502965157676,0.0
-0.23107229168994842,0.9272151398391092,0.0
-0.403502710257968,-0.3666529481346077,0.0
-0.5833061324314601,0.46618375420231584,0.0
0.44094344790103446,0.10797603838219769,0.0
-0.06288478030638875,0.04945626344381801,0.0
-0.650929771148429,0.47633942492164605,0.0
0.4523343133739286,0.3292070059072353,0.0
0.3563205957206191,-0.5471761575003202,0.0
-0.6064741206145176,0.9483745607733274,0.0
0.5745240297349519,-0.25163540696546677,0.0
-1.3543536959119717,0.0723689598049031,0.0
0.14430808576191537,0.6852831417779434,0.0
-1.3193682849371333,1.2226090386510262,0.0
-0.5986240075006011,0.9797170525853657,0.0
0.1754482066609096,0.01205713382466038,0.0
1.468704256159132,-0.542656672401804,0.0
0.299160476132939,-0.1771823947753652,0.0
-0.35169829915247053,0.026253317952931565,0.0
-1.5983710559413697,0.6614233309872426,0.0
0.28294274032384387,-0.5099220414814676,0.0
0.4417778195183108,-0.09463624622204737,0.0
1.0768440769246561,-1.6122915773482926,0.0
0.24700293223118522,0.6187981637807383,0.0
-0.11204285641922421,-0.20922472581954588,0.0
-0.3594213884814533,0.03316770177913744,0.0
0.23921066363268345,0.14785851940644884,0.0
-0.7663082355313613,0.2821812594847912,0.0
-0.01692394664683578,0.2103355671344902,0.0
-0.32558605729273177,1.315131963371611,0.0
1.0469635352841937,-1.1354447761988316,0.0
-0.017501742678356302,0.6016526128832338,0.0
-0.7078999426111335,0.3022176906463874,0.0
-0.8196663099348694,1.1907817165787804,0.0
0.27970440263750623,-0.07308698454120335,0.0
0.7892177789726983,-0.20569643939563031,0.0
0.26087270743498464,-0.020048435271172754,0.0
-0.07947464468632251,-0.27078605101492853,0.0
-0.3477638218716592,0.9674757553947109,0.0
-0.404415612601534,-0.04910541528652654,0.0
-0.17404591970927377,-0.7990304482270256,0.0
-0.06991436427019901,0.6746695027538137,0.0
1.1236909074941872,-1.347348186370067,0.0
-0.018981769100703857,0.7523555361138783,0.0
-1.7696593000359235,1.2665498125748285,0.0
-0.42507435321513853,-0.3473095045463976,0.0
1.1922142232189379,-0.019940703092854895,0.0
-0.42484142005283854,-0.003385171600331416,0.0
-0.63097255111929,-0.16896588545301944,0.0
2.331669454406553,-1.6780000250657392,0.0
0.3880511271159737,-0.06415140855316268,0.0
0.6779801266820247,-0.5934976935955527,0.0
0.2880011837638117,-0.6943200129088798,0.0
-0.07582659161209049,-0.19421359727394719,0.0
-0.7142949142175381,0.6969167996177548,0.0
-0.115308575682846,0.3182893274584881,0.0
-0.014308033728333516,-0.4109484917150857,0.0
1.0695519365292983,-1.3722197495282669,0.0
-0.3871785796186267,-1.2383091898594338,0.0
-0.38119199943633286,0.45868246088097075,0.0
0.023300534823798274,-0.2786139742992735,0.0
0.6158871121382303,-0.41242564762578465,0.0
0.25086241685999927,-0.6959635017664765,0.0
-0.08875737397427944,-0.7642507976775055,0.0
-0.11867190403864698,-0.04424542085532048,0.0
0.39713335235771047,-0.6329624971670694,0.0
1.1950715186319694,-0.20873533298773012,0.0
1.3266929579188307,-0.40866213477100855,0.0
1.2073377773485847,-0.7478545857840083,0.0
0.5903348582605354,-0.09545606318475275,0.0
-0.4062086972050053,0.15437203210521355,0.0
-0.7548688314398192,0.10449157035326839,0.0
2.7671246663918465,-1.6074436252896624,0.0
0.8905308819857571,-0.9858650806672107,0.0
-0.6481055410850513,-0.3315755018809138,0.0
-0.396171517496799,0.13910102460742627,0.0
0.11114902830539836,1.101839394353715,0.0
-0.36847856237184407,0.01489458782200867,0.0
-0.0861356570474549,-0.4957877018102837,0.0
0.47557431948772894,-0.5229149236329014,0.0
-0.7062075448730372,-0.039523824241111616,0.0
1.223735188454113,-1.291794461782636,0.0
1.7842795207558115,-0.07258054298260208,0.0
-0.1403693795101157,0.31375237580394677,0.0
0.18698597756350563,0.5548301003275204,0.0
-1.0157729654808856,1.5222345069948267,0.0
1.0165099783729947,-0.9216996689415584,0.0
-0.660216855009422,-0.3982069647183347,0.0
0.6133906151670743,0.5781242189265654,0.0
0.4323031358632525,-1.096884440900845,0.0
-0.031756559481512125,-0.019027962828205208,0.0
-0.4787154042279137,-0.051780059585766675,0.0
0.5698276852700954,-0.6911874392216335,0.0
0.3910784165326011,-0.2322948654255919,0.0
-0.49358755765519785,-0.045979161212675174,0.0
-0.5962187591427819,0.9934655121553555,0.0
1.5476086756204788,-0.0006058590282911336,0.0
1.4719804611193141,-0.36757838250461916,0.0
0.7881593832241861,0.30650616643063744,0.0
0.640800930765031,-1.8847815055978834,0.0
1.3813235182724837,-1.0135255180724574,0.0
0.23970402616730643,0.7125860911395924,0.0
-0.6976059152534971,-0.040438496358143616,0.0
-0.5492543979155514,0.19030868687693625,0.0
0.2530552451505221,-1.2410298379231794,0.0
-0.21635274904375149,1.0571014929743487,0.0
-1.0432706264428804,0.5062277618198274,0.0
-0.27019184827227816,1.2347731958856982,0.0
0.4704723839238131,0.20082595815489696,0.0
-0.8854102534768539,0.7963085775830663,0.0
-0.13677986883597779,-0.14628553635711117,0.0
-0.19610122523156837,-0.07360897871854673,0.0
-0.8638061460994628,-0.016767362486448778,0.0
-0.7348055510112852,1.3535644739423502,0.0
1.1856619341830288,0.36620947684114524,0.0
-0.6254482103860268,-0.5431764855503383,0.0
1.0929393736283552,-0.4542103837555224,0.0
0.3329294626391383,-0.43937077885611814,0.0
-0.8394568758984324,0.45906634588121464,0.0
-0.37759020649873987,0.4299805244664068,0.0
-0.5326889685715669,0.14845968687718158,0.0
0.21978733564578318,-0.2652051124987898,0.0
-1.461035238193116,0.5794649101127572,0.0
0.44354071002535156,-0.31996860784797465,0.0
0.7545094097739393,-0.6538900657565787,0.0
0.8647046105574362,0.3170639680542192,0.0
-0.6517490215423456,0.6728676555955335,0.0
-0.14448296013039535,-0.6062299498868895,0.0
0.27074187398833693,-0.5120938686597032,0.0
0.8042217963792027,-0.18148526053724787,0.0
0.4219726999572769,-0.2192905062401736,0.0
1.6740433067875986,-0.8459326061331605,0.0
0.11131588039103392,0.2802676038267855,0.0
-0.006822383372879937,0.520920163861796,0.0
-0.718287348262488,-0.6473096751938793,0.0
1.1745514566845592,-1.1744912246302635,0.0
-0.4012452296027581,-0.26097283896053747,0.0
-0.5699179741401195,1.0026204951253492,0.0
-0.984689012947177,-0.6002418910887876,0.0
-0.4721072339808691,-0.5197267097866436,0.0
-0.9038807699863161,0.16725725407200637,0.0
0.1700804246864594,0.3802831361989399,0.0
-0.5351864169750372,-0.8926780101495089,0.0
1.5724848861892542,-1.162456277135497,0.0
0.09874830331040024,0.1325024345988966,0.0
0.023291057095684096,-0.36493862365020946,0.0
0.7551488995826123,-0.6418804556017053,0.0
0.35649537978811646,-0.8804523740946222,0.0
0.05457238962863922,0.4298740723858909,0.0
-0.2941974691927516,1.3028754091798969,0.0
0.710794523034841,-1.251409706309413,0.0
-1.3746715297066687,1.102361726445347,0.0
-0.5812498669454056,0.9169889066318402,0.0
-0.06831940185823203,0.9595978066569187,0.0
-1.0150947494086826,0.18937193687881287,0.0
-1.0223741754118212,0.27337712800387426,0.0
0.6993235297839259,-0.8075677410336233,0.0
-0.2185223261912177,-0.5651596231601991,0.0
-1.3964815134968842,0.1451408476572218,0.0
-1.348129241673843,-0.09673186047610816,0.0
-1.5038930889711564,1.6157611141703798,0.0
0.7692798272230666,-2.084895634689566,0.0
0.18420758875347282,-0.605615503260481,0.0
1.8629207440878912,0.6127141308390522,0.0
-1.1395872284300497,0.7127192445293926,0.0
1.1497537163615013,-0.051887630594319556,0.0
-0.5775322186228273,0.4989199701643853,0.0
-0.5060827996304267,0.33338502817462184,0.0
0.5922424804021059,-0.6419797960903142,0.0
1.51011935764946,-0.631723814254759,0.0
0.2905809461796929,-0.26167684137428593,0.0
-0.7834788905934632,0.7534048978718975,0.0
-0.626913816402292,0.6606323008443394,0.0
-0.8487788543938279,-0.28795533872298895,0.0
-1.2384779889324995,0.4763056319443433,0.0
0.7138694278611609,-0.249726559150485,0.0
0.22650513516814502,-0.3463189350594382,0.0
-0.46271036851094777,0.022731071237202666,0.0
0.4558454192478747,0.39027663309240407,0.0
-0.4180125755601478,1.03362582586064,0.0
-0.5297900814651033,0.5605871841999339,0.0
-0.3917548373663116,-0.5038001359669035,0.0
-0.15555969709425288,0.12475196215217874,0.0
-0.7201856761051254,0.7958581480894741,0.0
-0.785953980523858,0.07009774030344235,0.0
1.8053042351056978,0.033398187827339165,0.0
0.829727673248094,-0.80308575862469,0.0
0.33950172236636506,0.2825427729157372,0.0
-0.49116659156101544,-0.5813413096287869,0.0
-1.4686236083143074,0.892631443375149,0.0
-1.3710692473785724,0.9363326748629677,0.0
1.3706394459095874,-0.5978908040597611,0.0
0.2881933607399075,0.034350050052910364,0.0
0.20904172868404222,0.4226243577194655,0.0
0.00043783835073588767,0.20905847980757564,0.0
0.6661875551915168,-0.2863706409611533,0.0
0.8920026454304257,-0.1376591069879763,0.0
-0.6027535093734295,-0.21912851776586323,0.0
-0.5936593819971625,0.28878807457446465,0.0
1.025384967757056,-0.5872200537898539,0.0
1.0111285187629284,0.4304508109724481,0.0
-0.19843697893180673,-0.35399945551181666,0.0
-0.42062375958428555,-0.4478809082282429,0.0
0.5161006705003582,-0.9755939389627564,0.0
-0.6227275333337648,-0.15436973819785077,0.0
1.436167005033988,-1.6259315367890574,0.0
0.30645277949870486,-0.555497440951225,0.0
0.7750165382994018,-0.4120776602126262,0.0
1.446339474307408,-0.5402748764488464,0.0
0.6613652038019384,-0.5304068422781918,0.0
0.25309762991062545,-1.0708082401010175,0.0
0.3345981719642466,-0.45227683585567313,0.0
-0.9662769808274627,-0.07209603046999774,0.0
-1.469373681276098,0.5921421856498066,0.0
-0.122560855193065,0.19512875069227606,0.0
-0.14559847442087592,-0.5912447612763424,0.0
0.8624750178807368,-0.8032065865524787,0.0
-0.26930964375914734,-0.24873379552976635,0.0
-0.34530438482487524,1.0762510750414658,0.0
-1.0362794425613153,0.15712459328665052,0.0
-0.6806595722613538,-0.7481100973942514,0.0
-0.7233793687899385,0.7317044274215551,0.0
-0.31184059771497175,-0.18860292075184015,0.0
0.10681578558031815,0.6084709642635329,0.0
-0.5148950090890005,-0.3215074429356574,0.0
1.2390552410251485,-1.4120415227482426,0.0
-0.5514741301655969,0.7699853544808465,0.0
-0.4584277726595447,-0.7019810194436416,0.0
1.3849691272415723,-0.9012265517365019,0.0
-0.6467097877783514,0.7180255115203829,0.0
-0.041099281478342894,-0.2401789307328003,0.0
-1.1246748637878543,0.48754835427972854,0.0
0.031732339251247216,-1.1105425253909325,0.0
-0.6055575500644981,0.7562783229049945,0.0
0.7098440068095959,-0.05797260658511022,0.0
-0.6555105404277819,1.030771319557858,0.0
0.6615998747340618,-0.1633507160298568,0.0
0.4453215470538188,-0.5722618441022173,0.0
2.086898939609581,-1.5332900897429305,0.0
-0.3435702610136768,0.07205603236219373,0.0
-2.4429172802233348,0.7195067706633796,0.0
-1.840072324644302,0.9357658522413456,0.0
-0.45890751001159397,0.6350768559121848,0.0
0.022257524818563072,-0.08250752600374514,0.0
1.4516292291595763,-0.5562071851274338,0.0
0.9376380888079081,-0.6131432155601722,0.0
-0.33431247178440787,-0.1724741030498685,0.0
0.16300655706910003,0.06726535021082049,0.0
-0.08699223744901202,-0.0462584371136134,0.0
0.001731477860692443,1.8058723190414998,0.0
0.8081849896790512,0.48906336333989586,0.0
0.8133814865666251,0.322401877686271,0.0
-0.052325668549856125,-0.6302854514364914,0.0
0.6011079342373666,0.0532793796273906,0.0
0.44167474204513046,0.11396416893703656,0.0
1.130570266641885,0.00011811412152173961,0.0
0.7198760972341656,-0.243312358839831,0.0
0.22629428628073522,-0.4487405281037536,0.0
-1.2483442373128482,0.5252559494202351,0.0
-0.0029163539669357155,0.2792788711435865,0.0
-0.7294381216084936,0.5512704074822188,0.0
0.12777887094499427,-0.5455828639193269,0.0
-0.13238910860697473,0.39993913348515975,0.0
-1.1794587538696268,0.8922069310011227,0.0
-0.17052070122880308,-0.4104448483116665,0.0
-0.13222781440589587,0.029952059218045647,0.0
0.5667143341134575,-0.4886097692739088,0.0
0.5372261900045654,0.5694577431127754,0.0
0.7642289695077292,-0.05942548830424099,0.0
0.695728341614763,-0.21945219790026255,0.0
-0.35653825981193904,0.25066524762301334,0.0
-0.46118467883530206,-0.06181760777161785,0.0
0.16407452970248734,-0.6268374503694182,0.0
0.8711959998147804,-0.30779531018940176,0.0
0.9738100967222391,-1.117640521622044,0.0
0.4747706992705217,0.09003636198439138,0.0
0.4371543293164744,-1.2507846949806534,0.0
0.08310555257581834,0.6986665139712382,0.0
-0.6406567090454834,0.3238570771887439,0.0
0.610523819474557,-0.5584739662514134,0.0
-0.3660489978663134,1.2877957198355277,0.0
1.8516996336546276,-0.5749540749510851,0.0
0.9274465337196048,-0.4763203233142232,0.0
-1.084418441321933,0.17781271712600905,0.0
0.0701706050434085,0.31034454390587607,0.0
-0.6347830101489568,-0.7130544047316707,0.0
1.6020087935132292,-0.019641470586362786,0.0
1.519370347585715,-0.633632219842769,0.0
-0.4500573169266996,0.6460919246845473,0.0
-0.6937420134775389,0.49929338982967353,0.0
-0.5276959086070189,1.008291037384624,0.0
-0.08802147694855876,0.6018199941388146,0.0
1.060953579056538,-0.15258929060178072,0.0
-1.5775669871474343,1.36535952152555,0.0
-0.43202877324684025,0.5221606249450116,0.0
2.0779858227871695,-0.48189691008991664,0.0
0.6356444287753712,0.18594806967653293,0.0
0.09635922864996212,-0.2891713763441474,0.0
-1.382549523693248,0.7583039067988351,0.0
0.9184431032410182,-0.9595340197260087,0.0
0.596729812079069,0.32578105237554195,0.0
-0.5301025161180808,1.070289967301107,0.0
-0.0815568804674269,-0.24565114506808414,0.0
0.7152545850132161,-1.295178171081723,0.0
-0.7530451773920344,0.25663880450577636,0.0
-0.41275672690970566,0.2941208251843934,0.0
-0.8152431939028946,0.8835841136899298,0.0
-2.128896906092658,1.266775859591454,0.0
-0.3725257788917805,-0.4258404890802313,0.0
-1.1069662767659258,0.865085200158104,0.0
-1.0130431222440877,0.9625365726586503,0.0
1.7034333278928564,-1.6512385438868102,0.0
-1.365521814743743,1.3168050522268302,0.0
-2.978179328661175,2.1778168489222764,0.0
-0.2991172892049161,0.6420419172860176,0.0
0.4196800029954737,-0.8074673645882724,0.0
1.1033046812241112,-0.4465073459936197,0.0
0.15390653897944906,-0.4795525013648916,0.0
0.9141602537406901,-1.8617696645877628,0.0
0.5105132412748961,0.15136065984017177,0.0
-0.4640466364744306,0.31034005663836095,0.0
0.48968615217231876,-0.4944962092388865,0.0
0.44263478075217355,0.3632182293609714,0.0
-0.5131864948153657,0.6100877962740308,0.0
0.7301309298809993,-0.3687381137002785,0.0
-0.5622384810661187,-0.05038115958811512,0.0
-0.016347017484254614,-0.5266973874745653,0.0
-1.1789508287419572,1.1568007940397693,0.0
1.2022048774578573,-0.3544838329215987,0.0
1.0968254950860625,-0.49482193295860316,0.0
0.886114007331013,-0.4391373487773666,0.0
0.12642263722583202,-0.2376438589245489,0.0
1.0603792252207744,-0.5272359748789651,0.0
-0.4852168024779118,-0.194890293265264,0.0
-1.2583430684432477,0.4249674198809302,0.0
-0.49485193079341516,0.27576277627384743,0.0
-1.4855950519849184,1.083109349386039,0.0
0.5258930133273648,-0.1165970341363852,0.0
-1.5253383447253381,1.1349637430724937,0.0
0.6122843660030391,-1.1578416897028811,0.0
-1.6506900214421119,0.9836944945201598,0.0
0.7073687117141727,0.32733463920302014,0.0
-0.8150641896443027,0.603759711633712,0.0
1.0307813583932575,-0.16588937192165332,0.0
0.4331017983603693,-0.03534453792441428,0.0
-1.5975303806319758,1.2864298047387581,0.0
0.9020651560453334,-0.18901983014237755,0.0
0.04910824780018365,-0.38914787106865045,0.0
0.6658890595900303,0.15833697284444326,0.0
-0.5085628474459812,0.617981846380931,0.0
0.46475880971725836,-0.6471241450913496,0.0
0.5497425828847811,-0.3708950828855706,0.0
1.1784113190726184,0.029217135035188413,0.0
0.7138794089446227,0.4220257507185671,0.0
0.7689127134032611,-0.40024312052885025,0.0
-0.314179449646146,-0.14099672332775776,0.0
1.0314945776634705,-0.905660216144655,0.0
0.9298658992727667,0.14147536896651525,0.0
1.612423202700422,-0.6117055247103903,0.0
1.3517022708847948,-0.3885989996001363,0.0
1.5097379656926455,-0.3668482383101584,0.0
0.2946099437546007,-0.4060716805113207,0.0
0.8488055056168335,-0.6227016737147157,0.0
0.9237151340121633,-0.5177315707866696,0.0
0.1636619001763794,0.1447495861385451,0.0
-0.23503623102999757,-0.4127234157020315,0.0
-0.8750064477105509,0.33444904662785097,0.0
1.3353047300142897,-1.638684074041219,0.0
1.2246568737351853,-0.8043272264137695,0.0
-0.01806438373468565,0.16499597279638709,0.0
-0.27301444677502473,-0.7357320779080574,0.0
-0.0003301223940241904,0.5192726736777623,0.0
-0.5738511230972925,0.15391774525773183,0.0
0.1562622375553376,-0.004464161092183186,0.0
0.345307649869631,-0.107021076017173,0.0
0.1497891561370802,-0.9409351873517586,0.0
0.8597446213532958,-0.41432110565147506,0.0
-0.4701764594365477,-0.07689467096916139,0.0
1.156957930226386,-1.5421555334223196,0.0
0.06264096028041798,0.30503799101897483,0.0
-0.8231962541037017,0.20151018384296784,0.0
-0.021258638277074082,-1.141208281537605,0.0
0.5624725044750668,-0.3127328055759095,0.0
-0.4579883378732351,-0.6675638594401195,0.0
-1.375031521989997,-0.352284087851392,0.0
-1.4719040575322249,-0.3141416037232102,0.0
0.26989445241553156,-0.23819767644328638,0.0
1.636569729487217,-0.22401127533779874,0.0
-0.30122368025530055,0.7716025475643895,0.0
1.4455702400089123,-1.1478873838844827,0.0
1.0360382156001724,-1.5096841596253734,0.0
-0.5212294810344442,0.4576004518883388,0.0
0.47594617845786114,-0.6277520675116252,0.0
-0.7130198360676362,0.09621422088657461,0.0
0.3233719954520352,-0.36727938481060896,0.0
-1.1822053425152075,0.44796745657816245,0.0
-0.7338742410438346,-0.09698800384407646,0.0
-0.13831679980991918,-0.7707234761328916,0.0
-0.5078284780133963,-0.7649875380035158,0.0
1.139243332701626,-1.2494613368283993,0.0
1.807729861179499,-0.26270393833083483,0.0
-0.7017201087452607,1.5022539517788243,0.0
0.37867103408191594,0.8383044644151283,0.0
0.6459782039078654,-1.3329789220714545,0.0
2.048405206927062,-1.2858006789533405,0.0
-0.1849893971563103,0.5174627932884883,0.0
-1.4262062506947326,0.8438543149216811,0.0
-0.18168853521449327,0.07452253108586883,0.0
0.2058042543007282,-0.17110763739483753,0.0
-0.08530587745448748,0.3922822355925976,0.0
-0.6633846092672703,0.5940272218801492,0.0
0.29754778922999015,-0.6609164177759862,0.0
-0.15008893058113715,-0.6863576114569896,0.0
-0.0853639095812141,0.11116642072610125,0.0
0.8537408863468819,-0.60260144913395,0.0
0.24067397783989838,-0.003826171362801001,0.0
-0.6572688112484489,0.05657520629282481,0.0
-0.02306833242076691,-0.18794063976062925,0.0
-1.567012449754045,1.0060706285098056,0.0
-0.6291204205358026,0.8576147024843036,0.0
1.0267909346572264,-0.4056583665047454,0.0
-0.41807018553244163,0.001735136520224334,0.0
-1.4007505322145442,1.59951801028385,0.0
-1.1894904820845034,0.11058108218247203,0.0
1.0258901302616599,0.4930066541422746,0.0
1.1158007736619533,-0.09465599292106536,0.0
-0.4843723946628611,0.8556875612802545,0.0
1.1981406200923042,-0.4305554161715011,0.0
1.2976866131118447,-1.0735284939389484,0.0
0.6342830361149733,1.0641870065513854,0.0
-0.7716737909631795,0.04667551538405701,0.0
-0.9452179307452726,0.8420461212243207,0.0
1.1248746295715943,-0.3938061261275537,0.0
0.34276849575254986,-0.2896293357892411,0.0
0.8461537029775309,-0.15168103051775494,0.0
-0.8030372281547298,0.10866331066064694,0.0
-1.2972760405458368,0.768181907578122,0.0
1.5240558884290196,-0.6059052075701159,0.0
1.08208188011158,-1.648063573077978,0.0
1.5096759588504987,-0.8347278841627137,0.0
0.46378375775471725,-0.30323334072135594,0.0
0.1166430759404966,0.007970550856438524,0.0
-0.06861288430874832,0.24207942748719125,0.0
0.19004205531108287,-0.5520001775742625,0.0
1.027195658999815,0.07726944355586524,0.0
0.4463169647494365,0.35485411277093293,0.0
-0.3587130052304226,-0.7265635526616283,0.0
-0.0024297836066787745,-0.3018572739977347,0.0
0.48085619899256693,-0.9173733439063612,0.0
0.01831271628787133,0.370552623252999,0.0
-0.04639732522873004,-0.18898641051954462,0.0
0.05894438897152352,0.05484715262799185,0.0
0.19831554972262036,0.6242719691637282,0.0
-0.4140386056036198,-0.2634308576506571,0.0
0.32116406284138765,-0.2531688702913389,0.0
-0.2658503664310202,-0.23332921854043412,0.0
-0.9052970588669638,-0.22637853287811904,0.0
-1.3456207252152532,1.4861764809090272,0.0
0.254285443345115,0.3244487172732836,0.0
0.34343574368389107,-0.07733684558409275,0.0
-0.4424192541916304,0.19887232998437557,0.0
-1.9348498378080567,1.6570886211273241,0.0
0.423165412841699,-0.08489497568358594,0.0
0.2881225088991838,0.35750630336605704,0.0
-0.37229607115279323,0.7540795045735923,0.0
0.34138174248769704,-0.28990370523400755,0.0
0.15303790584581387,0.8307494362216576,0.0
4.11758929677536,1.5275544500817988,1.0
2.88412987426847,0.8054057392877447,1.0
4.253814779049469,1.6225665604713795,1.0
3.622839216400961,1.5952661177925758,1.0
4.212752049929646,2.132097566666928,1.0
3.677904938990523,1.135464856023622,1.0
2.4905252708628582,0.31213279302952035,1.0
3.8613580558493417,1.4569255374567245,1.0
3.867852663991995,0.8988643476411257,1.0
4.65604612064634,1.5460889066235728,1.0
2.1146775600678005,-0.33374525935302257,1.0
3.2081712386230583,0.6897689415492798,1.0
4.8181746318307965,2.2737808969440874,1.0
3.2073243783100445,1.2446336982486486,1.0
5.236696457360211,2.2356153455577776,1.0
3.4956650774177427,1.7002205292654713,1.0
3.03099435156547,0.34186629785888756,1.0
3.557378076705511,0.8814524760903005,1.0
4.052255148410098,1.9579972382185433,1.0
4.698144998580727,1.6913133714969661,1.0
3.8278379728115346,1.2566397847412496,1.0
4.604604502077712,1.8914807629829942,1.0
4.607376413608051,1.8530729456807504,1.0
3.98378323935766,1.4255524843416365,1.0
6.057656029275295,2.992880914619293,1.0
3.6597460880803867,1.6738348821292224,1.0
4.488917130277798,1.9785738711086966,1.0
2.0433928093792235,0.13176629037649357,1.0
4.571963937631743,2.53207829135007,1.0
3.4575874408364244,1.161390816252528,1.0
5.172964654977128,2.6430887346929905,1.0
4.086109519937979,1.4158169712846116,1.0
3.292076875078581,0.8969148650643455,1.0
4.3977959060124405,1.6747921615317058,1.0
4.360998875511714,1.8201514582716851,1.0
3.6881290231103403,1.640528257099758,1.0
5.04048837737473,2.0949059710311793,1.0
2.7506075016624734,0.5113860427950785,1.0
4.666394029639429,2.3726513886905116,1.0
3.2397741538135554,1.2325314791265454,1.0
5.855817536415332,2.945251784621875,1.0
3.061254939880372,1.115961308630687,1.0
5.234613393610604,2.4214001607906215,1.0
4.458916472220534,2.08722686509528,1.0
4.6754564955863955,2.1537218921311365,1.0
5.628987248548235,2.487324999385912,1.0
6.025783136886488,3.3487852956331854,1.0
4.566861135088569,2.2351874041663864,1.0
4.528499414365368,2.268949349843312,1.0
5.578229509637902,2.420632906078388,1.0
4.488095335048354,1.5532835010314956,1.0
4.034929748036387,1.5769083371944572,1.0
3.435130164914586,0.9813836783584629,1.0
4.788928038604004,2.3306279758215784,1.0
4.8857416879527396,2.0408699111629773,1.0
2.8060859926363033,0.8911678594446883,1.0
3.0685545759241295,0.7285699859509893,1.0
3.533640797999695,1.085977758552143,1.0
3.572879795279958,0.9791598608483714,1.0
4.662949190382054,2.163789947359237,1.0
4.4333340449318,1.766783342713581,1.0
3.9339884014619773,1.184676378596409,1.0
3.3582164632096303,0.8196019131323289,1.0
3.183866457401816,0.9828762540782341,1.0
4.016391560151963,1.8083408198701694,1.0
5.279985417257406,2.5229105399481067,1.0
3.4831863269887533,0.7469048423928005,1.0
4.463449251644276,2.0039153172045134,1.0
3.2887165590187717,0.8363728250820883,1.0
6.105906497626746,3.037352760874417,1.0
4.465472750706899,1.7857419961879004,1.0
4.232201801818684,1.5603817047997341,1.0
5.4630034886033805,2.881950719759438,1.0
3.022958795342887,0.8572586446837234,1.0
3.742503914225653,1.1133073977412555,1.0
5.54209802843753,2.77282563939705,1.0
3.522301785787587,1.16054096979016,1.0
4.0294308640226575,1.4423107625212819,1.0
4.029091615331129,1.2048364886725778,1.0
3.4934929959947034,1.131207622632609,1.0
4.591559459515174,1.958868167543392,1.0
3.5235181711147647,1.2764632892156742,1.0
4.629939289623777,2.355342810905248,1.0
2.9924961171378666,1.0796667843124979,1.0
3.078167268201751,0.7488572330719232,1.0
5.6135947354572195,2.8063324344503435,1.0
3.906777492284605,1.3051567330532967,1.0
2.802487014435127,0.49656005788215785,1.0
4.227108507910833,1.3661984661267155,1.0
3.1580778408275028,0.7581662167268481,1.0
2.585182969448239,0.8259628395943583,1.0
2.8409291588343413,0.46943526907693967,1.0
2.5952810441198872,0.8073429140650557,1.0
4.055766637413907,1.607232746640453,1.0
3.381735851752358,0.5139059837118829,1.0
1.295396924056044,-0.640297343588363,1.0
4.331620887215974,1.8090514178181876,1.0
2.7722956895338653,0.7976910118985339,1.0
5.300860643748493,2.2188949238443127,1.0
3.308868051567722,1.362713759928209,1.0
5.740641933228838,3.2394171859415053,1.0
4.253864209059789,1.6306238031890519,1.0
3.8199849585656613,1.3982627115381974,1.0
3.555517271053162,1.2186027340391479,1.0
3.8913066672094696,1.4873558966007083,1.0
3.173802643623342,1.1019197618183405,1.0
5.483697390644882,2.7244238688689464,1.0
4.257959064917676,1.671162005170275,1.0
4.51951796918571,2.0625560674777152,1.0
3.197275226166299,1.077048302500386,1.0
4.200373585827536,1.117570275154023,1.0
4.637727212520357,1.7036556449957643,1.0
3.786513541205869,1.0572843358322472,1.0
3.04010972569677,0.6001304749736083,1.0
2.4658103270362073,0.2244789533832221,1.0
4.955911091928933,2.20006336806226,1.0
4.3214126844523975,1.8575588319075327,1.0
4.074978834208052,1.9474719797254405,1.0
3.4585645553001405,1.1957814763595809,1.0
2.2854806558779437,0.26004140827181854,1.0
3.6757725905878504,1.4472282790709456,1.0
3.3059522957374154,1.593675833543502,1.0
5.581060243807638,2.5530221411170575,1.0
4.247240148834115,1.7685458611260003,1.0
4.6819314640047915,1.7470579739234662,1.0
4.238462755843928,1.484981407600698,1.0
4.058923962680561,1.0754792658923646,1.0
3.7764195609664633,1.6077677995913993,1.0
4.33151561043921,1.826313277447771,1.0
3.2819379583210173,0.6074533165952105,1.0
4.661291556373273,2.351906707412117,1.0
5.320321123551748,2.4172605668248606,1.0
4.472082322783174,2.1650626940453295,1.0
2.7494142994286226,0.9326792775227155,1.0
2.998402880791809,0.974798175081858,1.0
4.916385976722241,2.5986350666980007,1.0
4.991899979374221,1.9695928910078344,1.0
2.7643179853910707,0.1518001694811455,1.0
2.8963677217219552,0.180525666174701,1.0
3.623021540088496,0.7370864007604134,1.0
3.528771227880155,1.189010812324249,1.0
2.780390500834826,-0.027341009599184396,1.0
4.808625005423209,2.2232769892372115,1.0
2.430483190310691,0.4386245577045931,1.0
3.6723858738765083,1.0482984919359148,1.0
5.518388136261939,2.4097055297843695,1.0
3.8747518553931446,1.6261766362642842,1.0
2.8143991245910644,1.1646410989023457,1.0
5.556064805850267,2.9577439846309264,1.0
3.1273178282127985,0.8609952120920072,1.0
4.353354942472624,1.4849934699070855,1.0
3.335931425040779,0.6726973257666128,1.0
5.451046486832517,2.689567767257579,1.0
2.094419342210375,0.26362205280398765,1.0
3.1451824623579494,0.9179389974002556,1.0
2.923422861024287,0.8038302966583356,1.0
5.088226123512834,2.5185308098608328,1.0
4.2977629148011065,1.6116353159305947,1.0
2.5822210334811437,0.766088276488949,1.0
3.188108602873451,0.452488733021402,1.0
3.899864596594793,1.4172418973313472,1.0
3.5929212309942815,1.2874341967602012,1.0
3.681100670755626,1.2027503426896762,1.0
3.994660248860881,1.815358668902907,1.0
4.597373207681739,2.135102394267324,1.0
3.551247512505384,1.166357373870003,1.0
3.8543762122136376,1.1073333103563046,1.0
4.375140482703438,2.3759555368515297,1.0
3.1795920781387657,1.0854692318483934,1.0
3.5387353449767587,1.3155095642617332,1.0
3.5916204957285682,1.08221860511822,1.0
4.949342829735907,2.6935598256865037,1.0
2.898303721890024,0.5183302334170965,1.0
4.821147310880839,1.8933663087405763,1.0
4.102239596220266,1.2642324743597715,1.0
3.94951859960069,1.5623581112246072,1.0
3.200687601161975,1.0096140605537416,1.0
3.081442996159863,0.9662885085539747,1.0
3.7287791898934715,1.3837226977978003,1.0
4.5301228665979645,1.8468440084762892,1.0
4.551754662793535,1.4199973118012135,1.0
3.1654391092429814,0.7448374820863602,1.0
4.187263631013559,1.5664802027993492,1.0
6.082008392383721,3.312330077275349,1.0
4.366433314515298,1.7566276685518127,1.0
4.18229323978218,1.8524796102975123,1.0
3.997476213201448,1.5046394769210452,1.0
3.3557585840218467,0.9252619316275442,1.0
2.9929069548692446,0.6500308624976057,1.0
1.8953491502388853,-0.307585386802141,1.0
4.810760379856236,2.1881299309484232,1.0
5.160186979249842,2.8419302311548575,1.0
4.198702688430175,1.9186518079966115,1.0
3.6810230269649793,0.8420692366864143,1.0
2.782204526724213,0.3657794530157512,1.0
2.9279029711583426,0.7487747284213434,1.0
3.0183272286349823,1.0886522025796435,1.0
4.655060200725685,2.3633624931834634,1.0
3.974751477973157,1.4440418476522188,1.0
5.635531936042362,2.692122303515861,1.0
5.121834009515133,2.55414993474344,1.0
6.6691161126658915,3.4564991905331053,1.0
3.817769786167652,1.7677369069409592,1.0
5.0226790289516785,2.207410391266871,1.0
3.5696318195109935,1.4528422584678673,1.0
3.625414257688388,1.242279066811034,1.0
3.1321339921505844,1.1534195576630442,1.0
5.1419733926034,2.5205380433949127,1.0
3.869211703768368,1.2778899600926104,1.0
5.513656036526465,2.8809051101601537,1.0
5.021792131186566,2.720776956538449,1.0
4.7015381690455715,1.9385063251514822,1.0
5.805191936572503,2.5127601014893233,1.0
4.05799880312209,1.3053845836981783,1.0
4.029987424424314,0.9426458674207453,1.0
5.538261839000587,2.941410792765584,1.0
2.715874555666661,0.41715272901125244,1.0
3.0106652018739806,0.563879369884178,1.0
4.294750271443394,1.6133479729185178,1.0
3.5487134277230563,0.8114760693080266,1.0
4.013011208661867,1.7645432389839275,1.0
4.3934720703725,1.6719352553617153,1.0
3.0621695262771227,0.8354862970826958,1.0
4.273889409011873,1.731455927750435,1.0
4.480431792728767,1.7525420194431471,1.0
3.897365724365431,1.1970968541402165,1.0
4.5744388212932,1.9248992523679391,1.0
3.502932242140833,1.809579600955566,1.0
4.5700109655468895,1.9904244308107215,1.0
2.651462198157568,0.676502381142485,1.0
3.241003726315154,0.31901534702308565,1.0
3.991984118314258,1.369609053879651,1.0
4.27932958962116,1.638193341805233,1.0
3.420156769829373,0.8446523555369023,1.0
2.3630838738810658,0.38342648035606386,1.0
3.7534388352467434,1.3724642347571183,1.0
3.314824412738447,0.87992948349114,1.0
3.876827924109411,0.8615661274250463,1.0
4.379105432212728,1.6437952099501931,1.0
2.2881916929734265,0.47861199860118897,1.0
2.686765887610821,0.3283606644531978,1.0
4.146116309285038,1.4804067007646464,1.0
4.526481790737204,1.9335548151557465,1.0
2.388889848080047,0.33174434699014177,1.0
5.115571768053118,2.603823535328365,1.0
4.291249592760789,2.138723354887187,1.0
5.059872255589364,2.028016495730497,1.0
5.440935436224212,2.0947381751410714,1.0
5.2154641585338135,2.205433311313391,1.0
3.320751473709953,0.7603109813731325,1.0
4.308067443153439,1.813946737507285,1.0
2.7702596266181403,0.28393409894717614,1.0
3.022687783265348,0.86807109653808,1.0
3.557102411767522,1.1185599786961826,1.0
2.552122672224547,0.42936402724380596,1.0
3.6059215196138488,1.0330779632509481,1.0
3.1981758158706253,0.9610176573941601,1.0
4.409198149452447,1.61834673736391,1.0
3.1778271889303706,0.9397810060748292,1.0
4.9123584760232255,2.607033442404191,1.0
4.01805235063316,1.6173398764332885,1.0
3.7674968968452633,1.1360263443412515,1.0
4.9477648364771,2.034539125265858,1.0
2.6695464261559847,0.5560413930692737,1.0
4.397151417387023,1.5112832568199825,1.0
2.7295070173259792,0.8682104094030034,1.0
3.6045544113859993,1.3430226619870431,1.0
2.907997061006676,0.83744177987134,1.0
3.924181501295687,1.6599460178061904,1.0
4.158679292596435,1.7468011634130491,1.0
3.3237591455256315,1.1441153802736894,1.0
4.7258479635161255,2.2855667701986313,1.0
4.365451929198229,1.5713955456344104,1.0
3.09568710226725,1.4648219009261063,1.0
3.7212196622467713,1.0694757383069442,1.0
2.0262777955464664,0.16385847251782737,1.0
4.2248872108321756,1.2246924317118582,1.0
5.509062483167391,2.7399719859629337,1.0
2.346774388645435,-0.043853979184474756,1.0
5.234462870351863,2.027809417079077,1.0
4.697651943916871,1.8337788293991926,1.0
3.673272342177322,1.0457550637739073,1.0
3.9252296037990426,1.2379213440421297,1.0
3.566535654374997,1.2790964733116388,1.0
5.1971364210909075,2.320132915498073,1.0
3.078350268243484,0.7928030060810998,1.0
0.43509884444742664,-1.2197533774314686,1.0
2.896185794041669,0.7975463070315465,1.0
3.780030251931547,1.3895690455928884,1.0
2.522440045693341,0.4613325639840131,1.0
3.4207241017720786,1.1226289627535069,1.0
3.592822218194523,1.1090697192079355,1.0
4.878297913633276,2.2983663004375128,1.0
4.546240716587556,2.243948752054471,1.0
5.589525616248608,2.7323589845929095,1.0
4.749245524276775,1.8185986345610425,1.0
4.2427850521337405,1.961654104239721,1.0
2.790806100888535,0.9422135273211054,1.0
2.8967041636226045,0.4365691558637079,1.0
3.7398080028940752,1.4433346916920744,1.0
4.950691399435367,2.0126187609855375,1.0
4.580664892665132,1.667992123241139,1.0
4.873828142360738,2.2458097211249557,1.0
4.277768884631071,1.8567066761637985,1.0
4.717745309694883,2.2530529079326165,1.0
3.808315453416307,1.3099693288162833,1.0
3.1181543334185333,0.6903497145573055,1.0
4.501580296106786,2.0023073138777985,1.0
2.9859902515126655,0.42961141343734477,1.0
4.4291686725515325,1.9316941356295385,1.0
4.127408000399207,1.4896553241877393,1.0
4.4360585871487315,2.0687594922441517,1.0
6.0692749799350985,2.8531323502872317,1.0
2.6746469856583177,0.6983641574235137,1.0
3.1962972572923656,0.5511339864393936,1.0
4.108666830900891,2.0115849599637534,1.0
2.9455949369465193,0.7401205653831407,1.0
3.0497083602310844,0.8390881679732907,1.0
4.846919613040485,2.0137724634856715,1.0
4.0683368878022526,1.3170933113133838,1.0
4.482047065039468,1.4667607804421177,1.0
2.997192544151173,0.5114581455061773,1.0
3.778518778402737,1.2774129480278398,1.0
4.643160064992006,2.4967808872697694,1.0
4.058227401445996,2.0006746099285015,1.0
3.9713882384236334,1.2358574361141055,1.0
3.9694176563664834,1.398926369164463,1.0
2.639539575605402,0.5040509250021523,1.0
4.245652728683999,1.919165526981414,1.0
4.40943634832646,2.2765849471819615,1.0
3.983405948475669,1.6701826141754954,1.0
4.282224773685993,1.6756711221244356,1.0
4.909760389359754,1.8294561339973812,1.0
3.4139866172451137,0.9273672070787611,1.0
2.761773266781201,0.4976700055412677,1.0
3.284120671563963,0.86196183761677,1.0
4.091807227074203,1.4889826780757724,1.0
3.1709804508526815,0.7845187772955092,1.0
3.599886444281773,1.6231300782713056,1.0
2.9292095150403084,0.48902124951628334,1.0
4.54799630986535,1.6137062840662084,1.0
3.4328744403510565,1.1110551837417897,1.0
1.9325851650567873,-0.10123129785889762,1.0
5.326798607239525,2.7518609763492137,1.0
5.094929534197487,2.128741474039243,1.0
4.212726782724578,1.4601262786179818,1.0
2.9144218330962457,1.0154811510030815,1.0
4.229964030732958,1.5486233990203662,1.0
4.065419497980307,1.6620060620191488,1.0
3.5327338404372877,1.0663355144374425,1.0
5.4335164773052425,2.8263986769997778,1.0
4.799854299782416,2.253766122187546,1.0
3.2671704087194327,0.5517618199794323,1.0
4.446969008961927,1.6194088690919912,1.0
2.7210222080146393,0.7182882917658538,1.0
4.792094528806172,2.4133212960662282,1.0
4.228578936343001,1.6154202315610173,1.0
3.239370567965702,1.4629888992326316,1.0
4.348332963389494,1.939245625141814,1.0
3.854501240463515,1.1213939670403876,1.0
3.031197264811551,0.6851125587131617,1.0
5.412419593061282,2.467563538129256,1.0
4.94805654424694,2.0478690044139234,1.0
4.973417206035583,2.281991824372753,1.0
4.235127643032019,1.8628933331026716,1.0
4.550124588989984,1.485136564026023,1.0
3.6351124942145323,1.1445534493358356,1.0
3.6940283070345785,1.3964552561459178,1.0
2.9227271267849586,0.49804048629164877,1.0
4.668918621249213,1.8564619714471247,1.0
4.1417150517695545,1.0882155630326011,1.0
3.904751364837734,1.2800041476003088,1.0
4.4410191137757415,1.9541787419768248,1.0
2.508697982577774,0.48785730401038485,1.0
4.076163390132355,1.4323274918198048,1.0
6.0406775920861815,2.808566879708737,1.0
3.1127252342217577,0.8586087301608111,1.0
5.02153183160352,2.2547029714276947,1.0
4.331242689302974,1.9954530401121742,1.0
2.0413491045590684,0.16229650138429164,1.0
4.83415305423487,1.8992932626355161,1.0
5.348166233891639,3.019351655134973,1.0
4.80516014023145,2.207600469001683,1.0
2.8008296392563166,0.531972822334484,1.0
3.0841255784246147,0.8618813354669972,1.0
3.7677376950158683,1.4552122498897857,1.0
3.3493805032305053,1.1353402927185419,1.0
4.663265354019405,1.5503163378923208,1.0
4.300171830671065,1.3386076663263295,1.0
5.254541567809318,2.416011640250129,1.0
4.653095884047435,2.143855293351252,1.0
4.543211376886798,1.5779567751701484,1.0
4.34780194048128,1.442364427236665,1.0
2.5402217946416332,0.7590437074195838,1.0
4.74105828581103,2.1283545715498624,1.0
4.428418457879994,1.8622742156174428,1.0
3.9578218040774473,1.1780629234160267,1.0
3.0829845844330452,1.2321623747315913,1.0
2.583051870381767,0.43951837544123995,1.0
2.771444479562441,0.3126707343676052,1.0
4.748517537226184,1.9754817276081043,1.0
1.6307602920281918,-0.4573987937337449,1.0
3.5139480676303156,1.3615673700268625,1.0
3.3677704244369804,1.4991727374356323,1.0
3.832123317341665,1.3767255263399771,1.0
5.830253145349286,3.175944803758605,1.0
3.5360183566127255,1.0999100191707827,1.0
5.073129870056219,2.6765741447536326,1.0
2.44591772940558,0.2522936943010561,1.0
4.3581893028638845,1.4599608686885157,1.0
4.420253421243078,1.4683259439547436,1.0
2.6711032198559463,0.5962629845333871,1.0
6.02301634625112,2.7938982942721546,1.0
6.267544063543486,2.9352949424244654,1.0
4.619732536353136,1.6244935697465959,1.0
5.546864498331183,2.8310873536967174,1.0
3.077561556118825,1.0531786510851,1.0
6.6482046861713755,3.329687393435812,1.0
3.399054326090203,0.794657801351743,1.0
4.39785498062462,1.756221896145305,1.0
2.9967204059268946,0.8753451124160352,1.0
3.2260427477190463,0.4205559099198679,1.0
1.3371048721970382,-0.8519981947925253,1.0
3.6855613566436443,1.019962524535541,1.0
3.8075207448301547,1.207604946883774,1.0
3.9173220438715495,1.2248833920096747,1.0
4.267835017228794,2.310802383611844,1.0
3.3390445318580193,0.6329005938799277,1.0
5.82528549248632,3.2904948816374104,1.0
3.6970930335045034,1.2577675175143108,1.0
3.119252655721918,1.141822084541546,1.0
4.334938185548918,1.9569905926223123,1.0
2.3626684055952163,0.46671492089619293,1.0
3.77285622302861,1.8414237865678087,1.0
5.1350643105101765,2.3359285056048877,1.0
3.0649735271071696,1.022294488648983,1.0
2.7962344218269815,0.512662184095807,1.0
4.141498457421922,1.634968991982359,1.0
3.187318081451663,0.955124883163342,1.0
5.016547819794438,2.6078668189049834,1.0
3.8835634408494335,1.399763139339294,1.0
3.865929384141467,1.1478981240483885,1.0
4.049841297444305,1.8767688591821403,1.0
3.6567192795339376,0.5481030289952613,1.0
4.624566262601064,2.1432905060484244,1.0
4.361220825231771,1.9996055006764384,1.0
4.7003697517909275,2.0365610874740696,1.0
4.27679502572245,1.99510919403758,1.0
3.7538501215861806,1.44458676391833,1.0
3.991413917216244,1.5403816421678111,1.0
5.2640391850195885,2.559524783935777,1.0
4.905366158048896,1.9572789583577401,1.0
3.359074724430872,1.2166127471512584,1.0
3.7874861974173304,0.8178158611976587,1.0
4.5030509476303315,1.8312776895464296,1.0
4.518570816605846,1.7274813776870597,1.0
4.727106697874036,2.215245855398969,1.0
6.065562244891353,3.3550085649477888,1.0
3.372040760039223,1.6013221531383173,1.0
4.841363435691395,1.8289883736408097,1.0
3.9615676309488568,1.4342978566202953,1.0
4.496118988940554,1.4228759782307634,1.0
4.2783503337829805,1.6278611531889706,1.0
4.642140806658913,1.7555312816011948,1.0
4.581247807238552,1.9872607225409227,1.0
3.598515618749709,1.3332493380838863,1.0
3.7758541165242514,1.3720818304063267,1.0
4.6071005237989,1.670488795321597,1.0
4.120718904720784,1.230896684155037,1.0
4.090745031146493,1.588576035956815,1.0
4.206607591988037,0.8638926752711157,1.0
2.6183039863538116,0.5993676288063992,1.0
4.713040889607293,1.891115517166348,1.0
4.217759518206534,2.2370497353432626,1.0
2.3795103287214836,0.10826534157628154,1.0
3.5440754252444693,0.8616200711122517,1.0
3.415819940758336,0.8421383003033143,1.0
4.777196455544492,1.9141508725879435,1.0
4.71241438066141,1.7983960904908352,1.0
3.52370186842177,1.3608393352221675,1.0
4.443261409511538,1.4194371182426018,1.0
3.0831981327376776,0.5848860653121,1.0
4.801744547369536,1.8262780307892204,1.0
4.419628070672631,1.5121923303055869,1.0
3.4298761996564413,1.051783785555927,1.0
4.070481475613971,1.407650758902513,1.0
4.465329322010427,2.4031015130447066,1.0
4.1632686198003555,1.6165554969585745,1.0
5.2148349358575015,2.3356608568708888,1.0
1.9417305503899343,0.05057003030581875,1.0
4.423011725868639,1.4752774068781302,1.0
3.695127703570314,1.7854058307300356,1.0
5.036687293677427,2.306884217638153,1.0
4.0862643782804104,1.0786072901327788,1.0
3.8621662062839,0.8038140026407167,1.0
3.7642118709975336,1.7243475981974843,1.0
3.195622881225895,0.7090874980652977,1.0
5.1708072154727605,2.264145520273389,1.0
1.7146135358889598,-0.08931261896362641,1.0
4.825300408331894,1.9923181422487066,1.0
2.6190662430774196,0.021848921398535115,1.0
4.576497682166114,2.43070814757845,1.0
4.494137594628684,1.4466066919196856,1.0
3.7939054600609676,1.252124560156044,1.0
2.5936717146162933,0.7250736549624268,1.0
4.15548601641609,1.912764917718314,1.0
3.7170359348924147,0.9673343841519045,1.0
3.9406424722780278,1.3722822867004105,1.0
3.561255548504915,1.2218099613556022,1.0
4.975349399237812,2.069791851785957,1.0
4.536569883957589,1.4065918729227722,1.0
4.099067817110843,1.5660430407050385,1.0
4.267372859791368,1.9433063142783689,1.0
4.251445999414839,1.9054913992367508,1.0
4.953161849188282,1.9991538482214897,1.0
4.369272053040338,1.6489869350082658,1.0
4.2690427826513435,1.4816050976527682,1.0
5.004893505277042,2.205006387110749,1.0
5.152493136124442,2.4383090182233484,1.0
5.75284365379281,2.2882332132183913,1.0
3.607946039628191,0.9078841312375613,1.0
3.206642181932723,0.8014741289922493,1.0
2.484724067553387,0.07784032439440325,1.0
3.9621352959399387,1.0080452653713707,1.0
4.010502591637747,1.8386748455629494,1.0
5.795245614217132,2.5004542392522056,1.0
4.072867112964709,1.7124810122918899,1.0
3.474988121994296,1.1139051742758244,1.0
1.7188392485811699,0.26434962971341003,1.0
4.236471560443248,1.854350553487778,1.0
3.883301512739525,1.193953556684729,1.0
4.698312228747163,1.5676722726161798,1.0
4.164320835443389,1.8557813312793,1.0
1.9636750087851724,0.18857579958256343,1.0
3.8962622487521577,1.2628060930801446,1.0
1.6408323958050155,-0.23319192777728537,1.0
3.418131625598017,1.0480205842229748,1.0
4.92402903386758,2.011187524442274,1.0
4.134582759134031,1.287687392900242,1.0
3.931106821029177,1.670075175646915,1.0
5.664844162879361,2.5168657385482764,1.0
4.3837848631566,1.8852583631734152,1.0
4.9156349370993615,1.95852780843595,1.0
4.224574335902666,1.1098893320736622,1.0
2.9057497125922014,1.12896779240843,1.0
4.49892747237073,1.5899591106030737,1.0
4.049135746433033,1.8964376566481125,1.0
4.157243928532731,1.6946937858665707,1.0
4.999417379246649,2.739344106297904,1.0
3.1869868297434953,0.7155823794352394,1.0
3.7980153337110716,1.5753171314178651,1.0
3.3649588191468434,0.8898322408407555,1.0
2.3761804937986293,0.10440475156887086,1.0
4.787715129884365,2.1881802323895845,1.0
2.359451642539163,0.14721060352168047,1.0
2.9397809947916347,0.7757019457762179,1.0
4.191932021229372,1.7171140352341718,1.0
4.192367147445188,1.9421202720010196,1.0
5.452177864706869,2.7721034907408075,1.0
2.7248148716318097,0.5185535876424009,1.0
3.749820583675105,0.7894371814753188,1.0
3.1115989205452244,0.9020129955168706,1.0
5.464503682303738,1.9465777229298142,1.0
4.096605418663704,2.0106358080698508,1.0
3.37409058261876,1.277341726056605,1.0
6.241669003079764,3.438634647941776,1.0
3.0423114533800986,0.6976938622145279,1.0
4.652763949235158,2.0095281209979805,1.0
2.473976956204329,0.351180372017988,1.0
2.2484999733798468,0.02774543679007868,1.0
4.785192700585712,2.1662581627539463,1.0
6.018332428450787,3.322907819940868,1.0
3.2391017099112664,1.087838383052303,1.0
4.1281401740705475,2.1174093539431142,1.0
3.317545646795511,1.2164247905527426,1.0
3.8333857882689157,1.5683445547000798,1.0
4.22438245498844,1.5135914731113678,1.0
4.788832342660938,2.4288231018703916,1.0
4.667010860819674,2.0808425803755637,1.0
4.697717218278228,1.7721475977929795,1.0
4.205642717428038,1.9004271626212674,1.0
4.806464114081043,1.9152381154874503,1.0
3.5339804968627604,1.1493545796352553,1.0
5.34101940208114,2.545990993972718,1.0
4.120325549713302,2.078505413190954,1.0
1.7231414911510563,-0.20961978143651883,1.0
3.0460261883452997,1.0779241444431658,1.0
2.0335700993103383,-0.24294500962701715,1.0
2.2432120171022025,0.2413893610264859,1.0
4.682805245498903,2.49580265731986,1.0
3.6550072643990226,0.9370312114178447,1.0
4.815397490020922,2.0237207811585822,1.0
4.317592412423226,1.747905946363671,1.0
3.165903174394787,0.8684222623649106,1.0
4.288585715183799,1.797366495066091,1.0
2.6695643097060433,0.5603233392038475,1.0
1.6321933381044786,-0.40891468540972786,1.0
4.019846282275734,1.5591274493950895,1.0
4.640497066552797,2.0216205281950326,1.0
3.367308222676977,0.5698723200001843,1.0
2.988967529877594,0.7048307537576041,1.0
4.478637700647819,1.9633928904784583,1.0
4.424057201234661,1.534698109441077,1.0
2.650818680694105,0.47192650819122983,1.0
2.637063781589546,0.08150038800302739,1.0
4.168896970206062,1.1502612471957319,1.0
3.832552568233367,1.3082795594702024,1.0
2.7356563947904156,0.14836414732238357,1.0
2.4089666226805786,0.7914086096456786,1.0
3.6151521339376083,1.0664501164035145,1.0
3.0513226219110967,0.9236043273206767,1.0
5.442559506471255,2.3527042937044116,1.0
5.601676863068423,3.397240108542964,1.0
3.286659910160809,1.1567440886087106,1.0
4.372101585305755,1.660966665370311,1.0
4.682956961753701,1.9280058651476786,1.0
4.109212958841689,1.2989154834519296,1.0
6.810891955988387,3.4067232196538706,1.0
4.538367656686372,1.7084607066702344,1.0
3.8260252946565743,1.4096153102890763,1.0
4.006015104556563,2.1365790072830366,1.0
4.891885605040216,2.3864576897140277,1.0
5.087268392588129,2.0456899873284193,1.0
4.404895422859751,1.6387776812152877,1.0
4.200055089279963,1.7686174003852908,1.0
5.109990441270999,2.10940706210513,1.0
5.088912766660606,1.8443842135044093,1.0
3.304292001443863,1.0220306082979664,1.0
4.16334729258366,1.7893805795008242,1.0
5.699454506464549,2.7742436663909706,1.0
4.613871167457148,1.8751960594563173,1.0
5.2598882967493426,1.827478725412313,1.0
4.246370890723441,1.3930679043802048,1.0
5.271139935871062,2.583155796799845,1.0
4.2797540687987,1.6385544295344614,1.0
3.1944998029399567,0.6710698069023092,1.0
4.523323691679677,1.5649246348690027,1.0
3.540060354526277,1.0447510067704495,1.0
3.993557788190876,1.7139395753482916,1.0
4.5000626974264275,1.6935204496411846,1.0
2.850915497610767,0.6694064423387612,1.0
1.94250060122693,0.04719556269781289,1.0
2.465909225223286,0.664640947490847,1.0
4.447633867352775,1.935493870155215,1.0
3.874172765346235,1.5355743121232923,1.0
4.243220941816381,1.6788523127928965,1.0
3.0996048680840245,0.9947290164757531,1.0
5.140630697323115,2.8245772817595842,1.0
4.377685849071995,1.7722711012984886,1.0
3.1011490915010143,0.40344427934650384,1.0
4.981905415984434,2.3092244729316684,1.0
3.5320626903502,1.0825352628042293,1.0
3.5067996605138236,0.8919769061199242,1.0
3.789541465450595,1.2666891564430738,1.0
4.158168166586508,1.481497172323591,1.0
3.714748205996322,0.5413702483663186,1.0
5.122288167779048,2.5320913579385405,1.0
7.091402399305099,3.769820440166999,1.0
4.100762817261016,1.5734701001141622,1.0
2.11701985356767,0.361826641194555,1.0
1.6162489380898748,-0.24231225482348462,1.0
3.684365706388439,1.0328600760218798,1.0
5.911991598973845,2.695588944059012,1.0
6.963147563244522,4.006611586344933,1.0
4.017830560835912,1.5300484960086786,1.0
3.4576018983383103,0.9545605065275362,1.0
4.246129180689728,1.4902797013603848,1.0
4.136734675360442,1.8559342527638671,1.0
1.6891238105247655,-0.2604870051832915,1.0
3.8670627335391736,0.9820010042094339,1.0
4.207470809350145,1.6368495697293117,1.0
3.4828173024804174,1.367037382085066,1.0
3.8224616329825136,1.9684395161212669,1.0
5.038126994190618,2.2452577040497053,1.0
5.128937454304438,2.159246493944888,1.0
2.990798109825451,0.5249090414599158,1.0
5.057418768255275,2.6151021799616454,1.0
3.944515289760804,1.7711805661352515,1.0
4.241136186181841,1.7352651120098501,1.0
3.5304669532170183,1.1430415388961408,1.0
4.00728951588873,2.06504575024662,1.0
4.396051561397005,1.7978966169437796,1.0
5.043800320644499,2.828900095324241,1.0
4.292264781832644,2.567907592787561,1.0
4.331250674430462,1.5430689649455334,1.0
4.354635813404031,1.6909635687733915,1.0
4.929132936336847,2.3384274337458795,1.0
3.2784778583263128,0.6345546868500573,1.0
3.4325308949728903,1.4415002718000436,1.0
2.984963530571611,0.6334303322228864,1.0
5.032676713942198,2.5208914955213753,1.0
5.010273780170767,2.131419088879115,1.0
4.264546055406237,1.6945120058915006,1.0
4.604738757466893,2.0337272826051507,1.0
4.710330724257863,2.166438047800793,1.0
3.7940457183042193,1.5097467624587744,1.0
4.93338465865383,1.935649065624015,1.0
3.885283451528544,1.34260223270389,1.0
4.696801358643866,2.168934466463953,1.0
3.4923766792677062,0.9276972433091863,1.0
3.7874365324374417,1.6640470424740024,1.0
4.036542880186597,1.194085698676727,1.0
3.798716873731791,1.3251543720896888,1.0
3.712950435808568,1.4422096630629473,1.0
4.490611789117611,2.495813246831578,1.0
3.6317131871003157,0.9206502254739726,1.0
3.8167791353476233,1.704258282136313,1.0
3.102566683880327,0.8164624650332373,1.0
3.659161249852339,1.3295993388608034,1.0
5.41366390384716,2.308600202972328,1.0
4.038379680558763,1.7358796458876915,1.0
4.010913299747857,1.6413104067978221,1.0
2.911836434542286,0.4110356584345367,1.0
5.252049014706062,2.5289428764956474,1.0
4.066382760763703,2.0045573021746685,1.0
3.979648564419418,1.5678261339554682,1.0
4.192656224112698,1.483634756665336,1.0
3.486854601686107,1.09795199963143,1.0
3.164440853575693,1.1559196604695599,1.0
5.399814723681523,2.160325851787939,1.0
4.580602916490173,1.6937403941211315,1.0
5.570690480126524,2.671229153934673,1.0
4.035873184730293,1.3852931868496754,1.0
4.417402399068827,2.1202038758774124,1.0
5.486691760505872,2.7042347914544167,1.0
4.930605704089491,2.2496054102101457,1.0
2.8361657888154976,0.5004899378846217,1.0
3.209351651781906,1.297216127782839,1.0
4.122031056614744,1.7573951452897247,1.0
3.686050289590458,1.446209386907525,1.0
4.508712784082029,2.1122401007424942,1.0
4.389167808746001,1.3170670070646786,1.0
5.761129435109511,3.001750775476313,1.0
5.4315349874847545,2.3459493772306437,1.0
3.2136921964216896,0.7036697999018318,1.0
4.156807031978367,1.689140623144482,1.0
3.392531581551791,1.2403040271518253,1.0
5.327763360451439,2.758215026352233,1.0
4.489438872313934,1.7977589539753933,1.0
4.5075571796666924,1.2332278768287592,1.0
1.892343167284281,0.25706294898750626,1.0
3.564268990142195,0.6944703325030998,1.0
4.679115918449467,1.7093740546984868,1.0
2.861564627127989,0.6625401645952395,1.0
3.875229940359171,1.240542668550467,1.0
3.4729220177866047,1.113413974512071,1.0
4.979660568011305,2.036984432154065,1.0
2.6624029115337864,0.4358169096008029,1.0
5.289143726033665,2.489318046460107,1.0
4.348613319765701,1.6077934112671213,1.0
5.187438804791729,2.512407713621039,1.0
3.949062710678623,1.3036642723605465,1.0
2.9436431503839717,0.7451529660827343,1.0
3.969372444020885,1.8895800777448815,1.0
2.854198367269599,0.2616441036522823,1.0
2.4082468215407786,0.464585181790486,1.0
3.888275261043419,1.6326691333121741,1.0
4.232445564616356,1.568214242345906,1.0
3.496621161517278,0.7271947539237962,1.0
4.861262196882046,1.8662085185610593,1.0
4.402426214028707,1.5762490278253778,1.0
2.980481012535653,0.4581167682870202,1.0
2.211933907871263,0.22436121678874255,1.0
4.046355418247795,1.3417981921684632,1.0
3.220095220893421,1.199576715210291,1.0
3.203025644421909,0.652878736173887,1.0
4.215196582856143,1.1990317587060828,1.0
3.4796174498010704,1.2775321707474827,1.0
4.102141345330373,1.8614600323631423,1.0
3.3857358829523925,1.1458002465454267,1.0
3.538108998254214,1.693072039906396,1.0
3.3576138634558883,1.3113990173688546,1.0
4.471653836323251,1.8989954471467119,1.0
4.05393291323511,1.7757821613633813,1.0
2.5730406660936964,0.3627212101878632,1.0
4.854097907039676,2.243452137134029,1.0
5.329877604189526,2.3880044480378437,1.0
2.7518164922962303,0.47877760705869554,1.0
4.382888100623005,2.085289708207903,1.0
4.542732901090578,2.219942604082289,1.0
3.698903513875659,1.2079538387913695,1.0
4.132405925899587,1.5446499915760092,1.0
4.689781403856282,2.5158655808801376,1.0
3.4748720717118435,0.7364662063196699,1.0
3.253782588640158,0.9662716041720322,1.0
5.838065071395419,3.0447950101020576,1.0
4.774403905246779,2.539760918539481,1.0
3.924575350912233,0.9618518516588638,1.0
4.550694686780248,1.9287369782484904,1.0
5.861364273382885,2.9446576345063287,1.0
3.3275017345429645,0.8435545002271139,1.0
5.2159682175080295,2.590682295464532,1.0
3.8710375467437315,1.4478186719035488,1.0
2.9083394713046125,0.8935332190715198,1.0
5.827911854699173,2.2733310781623035,1.0
4.291243401050273,1.5266192577692599,1.0
4.44890586394861,1.518160202761389,1.0
2.729794436372617,0.1581678958899464,1.0
3.4211997547654125,1.1518345779688413,1.0
4.485516008856325,1.6023393980098088,1.0
3.8194919858463097,1.3337505312639495,1.0
3.5598743863712925,1.5192223770315691,1.0
2.7212879907745666,1.0752058391857364,1.0
2.7661450677786354,0.49394458968299615,1.0
6.567733226287019,3.299548456668421,1.0
3.8866597714480666,1.3247149417793995,1.0
5.124027736352071,2.145586346341776,1.0
4.658476241676916,2.0586559938124753,1.0
4.614601934236075,1.7568182960052967,1.0
3.6156962541366404,1.4781614337027866,1.0
4.69185020164333,1.7265713213491687,1.0
3.599978748574241,1.2465394261475424,1.0
4.601894176305559,2.299919207379258,1.0
4.243234078006523,1.6562110424057854,1.0
3.3239375568647187,0.7558692410962871,1.0
4.49170883171381,1.8314183300713667,1.0
2.5438738772319804,0.2528879706025684,1.0
4.279477273676554,2.1428196001917375,1.0
2.8305396766537574,0.3538195272571494,1.0
3.034938538356574,0.9543690705853934,1.0
4.003630083779269,1.6830227250163623,1.0
4.286235583206752,1.408824363428713,1.0
6.237537023939012,2.8967776457961927,1.0
3.3950623596406517,1.3873575307204034,1.0
4.298766868802028,1.7651894966171704,1.0
3.5064731952924553,1.0634902835011886,1.0
3.0341609266656127,1.042956358765645,1.0
2.5343657363889687,0.1129762823947511,1.0
4.977450970419149,1.9490108874136602,1.0
4.254318450613938,1.3279525327864599,1.0
4.188783217496827,0.9487584710701182,1.0
4.532879708190466,1.7790374703077432,1.0
3.0754537918923006,1.3348283389209543,1.0
4.803277378625268,2.1799956636567677,1.0
3.6344387312664432,1.2592958011012443,1.0
2.8522647026031613,0.8486640939662986,1.0
3.72654585998181,0.91522136970397,1.0
3.663522648470106,1.7771725242710508,1.0
4.486067820606372,1.6087794187925846,1.0
4.721705832976607,2.722881501233993,1.0
2.915866722351688,0.7580248272192355,1.0
4.311403528449583,1.2496772161538263,1.0
2.7636795824358824,0.3591810781682079,1.0
3.699335315632317,1.3493937931252338,1.0
4.775748901750563,2.38910370121876,1.0
4.037823181102839,1.7143949606601783,1.0
5.835923251313758,3.0066036016297555,1.0
2.57743255539138,0.4526435379303462,1.0
3.5151254276517774,1.1814092368418447,1.0
3.293827658049196,0.940272847782746,1.0
3.8089252458428895,1.3496749900423493,1.0
3.767936261426684,1.2617871711806155,1.0
3.976919001776137,1.5919949555924615,1.0
4.207981617474102,1.85659463089992,1.0
3.297403465417589,0.7954956159522861,1.0
4.629430172356322,2.007086748462113,1.0
4.94514240247295,1.8797863377624071,1.0
5.378849281061549,2.4672447873791814,1.0
5.333615255369516,2.485977057007973,1.0
4.261214325186681,1.8299014408988608,1.0
4.128789458729699,2.176294443180853,1.0
4.434831993691944,1.6088982584897797,1.0
3.5090130219577,1.5100364120873817,1.0
4.8618375511476115,2.0466213562678384,1.0
3.8739289886135473,1.4946108924115076,1.0
2.9105993449090346,0.7936388417649427,1.0
5.184446262099864,2.113239288580985,1.0
2.5205622780050074,0.5957280420320998,1.0
4.060608556351226,1.134323186927778,1.0
5.212735240521814,2.2378400929315476,1.0
3.8843461181990646,1.2619680569102865,1.0
3.466095712323236,0.6738593990606712,1.0
4.16870201223778,1.4912070983105203,1.0
3.7954655431874897,1.2946890259930863,1.0
3.9140365247820172,1.3623881105866618,1.0
3.3861033396638414,0.8676495653935803,1.0
4.99227373613868,2.3685101016920442,1.0
4.416816232987533,2.2186721073278015,1.0
3.6435076345658066,0.84021184783757,1.0
3.5731674340879978,1.5339600705761742,1.0
2.9536925757183226,0.6083858016587196,1.0
4.723937066561125,2.0401223139861724,1.0
4.205296395067868,1.5260915235050596,1.0
2.1379726505626433,-0.20685325159029966,1.0
4.0857269566945424,1.4805360717089286,1.0
3.882285409854713,1.3851995145995382,1.0
4.509180605615687,2.192911986485654,1.0
4.97652419138015,1.7155628650068566,1.0
3.82616078646896,0.8335462281536683,1.0
3.870295947341922,1.1292562055213096,1.0
4.065179830210096,1.5018366940385426,1.0
5.614591928843447,2.5873772010410283,1.0
3.1906043899696463,1.0032416916516085,1.0
3.178827476684963,0.9470954418885352,1.0
3.7196158267991795,1.531144487428557,1.0
3.890455011591967,1.362101993839502,1.0
4.480995611975288,1.7634398652533863,1.0
5.006654635543435,2.2672991363404704,1.0
3.052864565776571,0.9839200456540876,1.0
5.065876733163399,1.8659002057290648,1.0
6.135649157331613,2.785127863747179,1.0
4.379787986665698,1.8977577961856316,1.0
6.166886305857584,3.5307223784958666,1.0
3.1809931078218594,1.0119319117042171,1.0
3.0186046289598822,0.7252358612267513,1.0
5.004464709126107,2.1338333955236246,1.0
4.477771778920025,1.8948787866749983,1.0
3.8093076581227883,1.5332652060758036,1.0
3.3636898069509664,0.9985628717734364,1.0
3.2055646547095398,0.7974267704371607,1.0
4.105938710249376,1.2334697135467343,1.0
6.437526146456102,3.367619664879348,1.0
3.3616751352553877,1.0078534278579934,1.0
3.336154800060684,0.9222093823239319,1.0
3.805434970464648,1.580002260829978,1.0
4.515966621818472,1.5789662102491464,1.0
3.4116513392258216,1.0485576105862018,1.0
4.035240836616434,1.2389465122423389,1.0
4.4401203023607065,1.9511204406090776,1.0
4.461576648934317,1.818881592602449,1.0
2.450973824446827,0.2938482304379779,1.0
3.3868877339945125,1.2051120817646912,1.0
4.237877186924357,1.4358219863225636,1.0
3.462098793855872,1.4640732123947853,1.0
3.588209464497897,0.8725453500520071,1.0
3.299244406162184,1.402140127314187,1.0
4.109213587279906,1.7753142351726057,1.0
2.3746950619597618,0.35949946635937957,1.0
4.412324962192012,1.283775295633549,1.0
5.38657008654807,2.5878405392965957,1.0
3.818687676260892,1.536558506714113,1.0
3.6644672391991433,1.5664517350362372,1.0
3.1631890654416175,1.3880599068306025,1.0
2.9305201706556345,0.5118503808489747,1.0
4.61080535042491,1.7890146580246231,1.0
3.260607081854846,0.8035973254420135,1.0
2.890261359731799,0.6256302747054722,1.0
3.8376258441766096,1.271094529590474,1.0
3.86855296212657,1.090872246831816,1.0
2.6215852670803117,1.1572775234583377,1.0
3.310638566137626,1.0994078990404976,1.0
5.374859208477117,2.4335460515351404,1.0
3.2543703126571994,0.840997936251302,1.0
4.24827739945019,1.4401184852496343,1.0
3.677992340655525,1.1937333027376815,1.0
4.923993920819886,2.2551398829227027,1.0
3.24466995000638,0.8814657562260584,1.0
4.182581856446848,1.6422950594286703,1.0
5.00201007403854,2.4445641181425035,1.0
6.023862377747545,3.0722874183777575,1.0
3.737453025612336,1.3759657679308877,1.0
3.588759094841687,0.945258491353449,1.0
4.6869545739629155,2.2134459039724437,1.0
4.404833896284117,1.7489666992565793,1.0
4.872281839469989,1.8531258369474424,1.0
3.072547379762996,0.4696022605596384,1.0
2.662278827692286,0.8274806725731865,1.0
2.672061224306624,0.06492764610100843,1.0
5.3566882332657,2.660927798762856,1.0
2.992195270476653,0.8568842390740257,1.0
2.5213824201748656,0.7287352057066094,1.0
4.512730557102852,1.7472399958372533,1.0
5.121020756848634,1.8416416419819208,1.0
3.9963116744250344,1.2701424766606355,1.0
3.635437068950085,1.0116729668156803,1.0
4.08701708735433,1.177808775716311,1.0
1.7961905181230695,-0.352540502559175,1.0
3.6191355448600153,1.1927315140071924,1.0
3.8424133620683234,1.5991436273152453,1.0
4.537496215360831,1.6030063927756266,1.0
4.199973796193271,2.117250202518814,1.0
4.506799347914948,1.7806842416732156,1.0
4.132625638101383,2.0981747117246385,1.0
2.5200197631937384,0.5356431070617896,1.0
4.113321506672621,1.7776933657641127,1.0
4.577930379404511,2.2332915131101845,1.0
4.926201490739192,2.122195184357196,1.0
3.146600516402713,1.093338246502959,1.0
3.867842738322369,1.413799463739821,1.0
3.713872399511705,1.6499072149796392,1.0
3.847127428931365,1.5399235186436946,1.0
4.347414020497021,2.1406347379731883,1.0
4.410102889823838,1.7666323175801648,1.0
3.507961283160162,1.039013029854794,1.0
4.701131741970759,1.5109292524059423,1.0
3.5126237719326565,1.2211199244829765,1.0
2.6044361828454505,0.1853319715836106,1.0
4.079616229715593,1.8329063691163234,1.0
2.6673287399031196,0.5458030514074357,1.0
3.6237253560002713,1.0049522751393392,1.0
4.493267509360778,1.8827230223812899,1.0
4.661594169456162,2.413672649944016,1.0
3.3759405083617406,1.2946311467160199,1.0
3.33526244848115,1.029907130611921,1.0
4.276803048309956,1.8490115723956022,1.0
3.9046181033033855,1.5045490674611617,1.0
2.754897007879818,0.8019785832580608,1.0
4.12857299050917,1.6205838568053295,1.0
4.007770101621765,1.3888788691019958,1.0
4.6309141401113845,1.985002075567911,1.0
